지역,지역2,소관부처,상품명,시행기간,상품특징,지원한도,상품설명,금융사,업데이트 일시
강원,전체,강원신용보증재단,2026년 소상공인 비즈+ 카드보증(T1_비대면보증),2026-03-23~9999-12-31,일반상품,1천만원,"* 보증서 발급 이후 기업은행에서 연체·특수채권 보유 등 제한사항 심사하여, 카드발급이 거절될 수 있음.",기업은행,2026-06-17 01:28:08
강원,전체,강원신용보증재단,소상공인시장진흥공단 정책자금,2024-01-12~상품소진시까지,일반상품,1억원,"※ 소상공인시장진흥공단 정책자금으로 소상공인시장진흥공단 확인서를 발급한 고객이 신청가능한 상품
※ 보증신청 후 금융기관(은행) 내부 규정에 따라 대출지원이 불가능 할 수 있음.","기업은행,국민은행,수협(은행),농협은행,우리은행,스탠다드차타드은행,아이엠뱅크(舊.대구은행),새마을금고,신협,산림조합,하나은행,신한은행",2026-06-17 01:28:08
강원,전체,강원신용보증재단,지자체 중소기업 육성자금(시·군),2026-01-05~상품소진시까지,일반상품,1억원,"※ 지자체 중소기업 육성자금으로 경우에 따라 지자체의 추천을 받은 고객이 신청 가능
※ 자세한 사항은 각 지자체 홈페이지 공고 참고(소상공인, 육성자금 등 검색)
※ 보증신청 후 금융기관(은행)·지자체의 내부 규정에 따라 대출지원이 불가능 할 수 있음","기업은행,국민은행,수협(은행),농협은행,지역농축협,우리은행,스탠다드차타드은행,아이엠뱅크(舊.대구은행),새마을금고,신협,산림조합,하나은행,신한은행",2026-06-17 01:28:08
강원,전체,강원신용보증재단,강릉시 가뭄 피해 소상공인 자금지원 협약보증,2025-10-01~상품소진시까지,"법인가능,일반상품",5천만원,"※ 강릉시 관내에 사업자등록 후 가동(영업) 중인 기업에 한해 신청 가능
※ 보증신청 후 금융기관(은행) 내부 규정에 따라 대출지원이 불가능 할 수 있음.",신한은행,2026-06-17 01:28:08
강원,전체,강원신용보증재단,2026 양구군 출연 소상공인 협약보증,2026-03-03~상품소진시까지,"법인가능,일반상품",2천만원,"* 본 상품의 경우 조기소진되어 종료될 수 있음
* 보증신청 후 금융기관(은행) 내부 규정에 따라 대출지원이 불가능할 수 있음
* 자세한 사항은 강원신용보증재단, 양구군청 홈페이지 참고
* 보증대상: 보증신청일 현재 양구군 관내에 사업자등록 후 가동(영업) 중으로, 아래 조건을 모두 충족하는 소상공인
1. 신청일 현재 1년 이상 양구군에 대표자 주소를 두고 영업 중인 기업
2. 타 지역신용보증재단의 보증잔액이 없는 기업
3. 대표자 개인신용평점 NICE 924점 이하 또는 KCB 929점 이하인 기업.
* 2022 양구군 출연 협약보증 지원 이력이 있는 기업은 본 협약보증 대상 제외","농협은행,지역농축협,새마을금고,신협,산림조합",2026-06-17 01:28:08
강원,전체,강원신용보증재단,2026 태백시 출연 소상공인 협약보증,2026-01-19~상품소진시까지,일반상품,5천만원,"* 본 상품의 경우 조기소진되어 종료될 수 있음
* 보증신청 후 금융기관(은행) 내부 규정에 따라 대출지원이 불가능할 수 있음
* 자세한 사항은 강원신용보증재단, 태백시청 홈페이지 참고
* 보증대상: 보증신청일 현재 태백시에 3개월 이상 사업자 주소지와 주민등록을 두고 가동 중으로, 아래 조건을 모두 충족해야 함
1. 태백시가 추천하는 소상공인
2. 신용보증기금 또는 기술보증기금의 보증잔액이 없는 기업
3. 재단 자체 신용평가등급 &#034;B&#034; 등급 이상인 기업
4. 타 지역신용보증재단의 보증잔액이 없는 기업","국민은행,농협은행,새마을금고,신협,신한은행",2026-06-17 01:28:08
강원,전체,강원신용보증재단,2026 정선군 출연 소상공인 협약보증,2026-04-01~상품소진시까지,일반상품,5천만원,"* 본 상품의 경우 조기소진되어 종료될 수 있음
* 취급 가능 은행 : 농협은행 정선군지부, 고한신협, 사북신협, 정선신협
* 보증신청 후 금융기관(은행) 내부 규정에 따라 대출지원이 불가능할 수 있음
* 자세한 사항은 강원신용보증재단, 태백시청 홈페이지 참고
* 보증대상: 보증신청일 현재 정선군 관내에서 가동(영업)중으로, 아래 조건을 모두 충족하는 소상공인(개인사업자)
1. 정선군에 3개월 이상 사업장과 주민등록을 두고 사업장을 운영한 기업
2. 재단 자체 신용평가등급 &#034;B&#034; 등급 이상인 기업
3. 타 지역신용보증재단의 보증잔액이 없는 기업","농협은행,신협",2026-06-17 01:28:08
강원,전체,강원신용보증재단,평창군 소상공인 특례보증,2026-05-06~상품소진시까지,"법인가능,일반상품",5천만원,"* 본 상품의 경우 조기소진되어 종료될 수 있음
* 취급 가능 은행 : 농협은행 평창군지부, 신협(평창,대화,봉평,진부,대관령), 평창새마을금고, 평창영월정선축협
* 보증신청 후 금융기관(은행) 내부 규정에 따라 대출지원이 불가능할 수 있음
* 자세한 사항은 강원신용보증재단, 평창군청 홈페이지 참고
* 보증대상: 보증신청일 현재 사업자등록 후 평창군 관내에서 가동(영업)중으로, 아래 조건을 모두 충족하는 소상공인
1. 평창군에 1년 이상 사업장을 두고 운영 중인 기업
2. 재단 자체 신용평가등급 &#034;B&#034; 등급 이상인 기업
3. 타 지역신용보증재단의 보증잔액이 없는 기업","농협은행,지역농축협,새마을금고,신협",2026-06-17 01:28:08
강원,전체,강원신용보증재단,춘천시 &#039;땡겨요&#039; 가입 소상공인 자금지원 협약보증,2025-09-15~상품소진시까지,"금리이차보전가능,일반상품",5천만원,"※ 본 상품의 경우 조기소진되어 종료될 수 있음.  
※ 재단의 보증심사규정에 저촉되는 경우 보증서 발급이 불가능 할 수 있음.
※ 보증신청 후 금융기관(은행) 내부 규정에 따라 대출지원이 불가능 할 수 있음.
※ 본 상품은 춘천시 관내에 사업자등록 후 가동 중인 기업에 한해 신청 가능
※ 본 상품은 신한은행 &#039;땡겨요&#039; 가맹점이며 &#039;땡겨요&#039;를 통해 3건 이상의 매출 실적이 있는 경우에 한해 신청 가능",신한은행,2026-06-17 01:28:08
강원,전체,강원신용보증재단,2025년 고성군 출연 소상공인 협약보증,2025-09-22~상품소진시까지,일반상품,5천만원,"※ 본 상품의 경우 조기소진되어 종료될 수 있음.  
※ 휴폐업시 보증 지원이 중단될 수 있음.
※ 보증신청 후 금융기관(은행) 내부 규정에 따라 대출지원이 불가능 할 수 있음.
※ 자세한 사항은 강원신용보증재단(신용보증 상품), 고성군청 홈페이지(고시공고) 참고.",농협은행,2026-06-17 01:28:08
강원,전체,강원신용보증재단,2025 철원군 출연 협약보증,2025-09-01~상품소진시까지,일반상품,5천만원,"※ 본 상품의 경우 조기소진되어 종료될 수 있음.  
※ 보증신청 후 금융기관(은행) 내부 규정에 따라 대출지원이 불가능 할 수 있음.
※ 휴폐업시 보증료지원 등 지원 중단될 수 있음.
※ 자세한 사항은 강원신용보증재단, 철원군청 홈페이지 참고.",농협은행,2026-06-17 01:28:08
강원,전체,강원신용보증재단,2026년 농협은행 청년창업자금 무이자대출 지원사업 협약보증,2026-03-16~상품소진시까지,"금리이차보전가능,창업기업특화",1억원,"※ 본 상품의 경우 조기소진되어 종료될 수 있음.  
※ 보증신청 후 금융기관(은행) 내부 규정에 따라 대출지원이 불가능 할 수 있음.
※ 본 상품 신청 시 6개월 이내에 보증서대출을 지원 받고 있는 고객은 신청 불가능.
※ 본 상품의 자세한 지원 내용은  도청 홈페이지 공고/고시 게시판 참고",농협은행,2026-06-17 01:28:08
강원,전체,강원신용보증재단,2026년 신한은행 청년창업자금 무이자대출 지원사업 협약보증,2026-03-16~상품소진시까지,"금리이차보전가능,창업기업특화",1억원,"※ 본 상품의 경우 조기소진되어 종료될 수 있음.  
※ 보증신청 후 금융기관(은행) 내부 규정에 따라 대출지원이 불가능 할 수 있음.
※ 본 상품 신청 시 6개월 이내에 보증서대출을 지원 받고 있는 고객은 신청 불가능.
※ 본 상품의 자세한 지원 내용은  도청 홈페이지 공고/고시 게시판 참고",신한은행,2026-06-17 01:28:08
강원,전체,강원신용보증재단,(지점의 안내 시 신청)브릿지보증(폐업 사업자대출 대환),2025-04-29~상품소진시까지,무등록사업자가능,1억원,"* 강원신용보증재단 관할 지점에서 안내를 받은 경우에만 신청 부탁드립니다.
* 본 상품은 &#034;폐업&#034;한 업체의 재단 보증서 대출을 개인 대출로 전환하는 상품입니다.
* 폐업한 업체가 아니거나, 재단 보증서를 이용 중이 아닐 경우 신청이 반송됩니다.
* 본 상품은 신규 보증서 발급 상품이 아닙니다.","산업은행,기업은행,국민은행,수협(은행),농협은행,지역농축협,우리은행,스탠다드차타드은행,아이엠뱅크(舊.대구은행),새마을금고,신협,산림조합,하나은행,신한은행",2026-06-17 01:28:08
강원,전체,강원신용보증재단,(지점의 안내 시 신청)기보증회수보증(대환),2025-03-10~상품소진시까지,"법인가능,일반상품",7천만원,"* 본 상품은 기존에 이용 중이신 재단 보증서의 대환을 위한 상품입니다.
* 재단 보증서 상품을 이용 중이 아니라면, 반송 처리될 수 있습니다.
* 본 상품은 신규 보증서 발급 상품이 아닙니다.
* 강원신용보증재단 관할 지점에서 안내를 받은 경우에만 신청 부탁드립니다.","기업은행,국민은행,수협(은행),농협은행,지역농축협,우리은행,한국씨티은행,아이엠뱅크(舊.대구은행),하나은행,신한은행",2026-06-17 01:28:08
경남,전체,경남신용보증재단,2026년 소상공인 비즈+ 카드보증(T1_비대면보증),2026-03-23~9999-12-31,일반상품,1천만원,"* 보증서 발급 이후 기업은행에서 연체·특수채권 보유 등 제한사항 심사하여, 카드발급이 거절될 수 있음.",기업은행,2026-06-17 01:28:10
경남,전체,경남신용보증재단,"소기업·소상공인 전환보증(기존 보증부대출 대환상환, 이차보전 없음)",2025-04-25~2026-12-31,"법인가능,일반상품",1억원,"※ 보증만기가 도래하였는데 단순 연장절차를 통한 기한연장이 불가능하거나, 대출금의 원금상환 부담으로 어려움을 겪는 소기업소상공인에게 기보증잔액 범위 내에서 보증부대출을 상환하는 조건의 신규보증서를 발급하는 상품입니다.
★이차보전 지원 등 정책자금 혜택이 종료되며, 대출금리는 은행 내규에 따라 결정됩니다.
★보증이용기간, 상환비율 등에 따라 보증료율이 오를 수 있습니다.
★보증만기도래일의 최소 20일 전까지 신청해주셔야 원활한 진행이 가능합니다.","기업은행,국민은행,수협(은행),농협은행,우리은행,스탠다드차타드은행,아이엠뱅크(舊.대구은행),부산은행,경남은행,하나은행,신한은행",2026-06-17 01:28:10
경남,전체,경남신용보증재단,"브릿지 보증(폐업자 대상 기존 보증부대출 대환상품, 이차보전 없음)",2025-04-25~2026-12-31,"법인가능,일반상품",1억원,"※ 폐업자를 대상으로 기한연장이 불가능하거나, 대출금 원금상환 부담으로 어려움을 겪고 있는 분들에게 기보증잔액(대출잔액) 범위 내에서 보증부대출을 상환하는 조건으로 신규보증서를 발급하는 상품입니다.
★이차보전 지원 등 정책자금 혜택이 종료되며, 대출금리는 은행 내규에 따라 결정됩니다.
★보증만기도래일의 최소 20일 전까지 신청해주셔야 원활한 진행이 가능합니다.
★보증료는 연 0.9%이며 상환방식에 따라 납부 금액은 달라집니다.","기업은행,국민은행,수협(은행),농협은행,우리은행,스탠다드차타드은행,아이엠뱅크(舊.대구은행),부산은행,경남은행,하나은행,신한은행,카카오뱅크",2026-06-17 01:28:10
경남,전체,경남신용보증재단,2026년 양산시 소상공인 육성자금 특별보증(새마을금고),2026-03-05~상품소진시까지,"법인가능,보증료지원가능,금리이차보전가능",5천만원,"※ 2026년 양산시 소상공인 육성자금 특별보증(새마을금고)
[지원대상] 양산시에서 사업자 등록 후 사업을 영위 중이고 업력 6개월 이상인 소상공인
[대출한도] 50백만원 이내 (재단 보증심사에 따라 금액이 결정되며 거절될수 있습니다.)
[상환방법] 분할상환(2년 거치 3년 원금균등분할상환)
[양산시 지원] 4년간 연2.5%p 이자지원, 보증료 1년치 지원
[취급가능 금융기관] 양산새마을금고, 남양산새마을금고, 물금새마을금고, 상북새마을금고, 웅상새마을금고, 양산중앙새마을금고
[기타사항] 국세 및 지방세 체납, 신용관리정보, 연체 등의 사유로 거절될수 있습니다.",새마을금고,2026-06-17 01:28:10
경남,전체,경남신용보증재단,"(화물운송,중기 전용)경상남도 유가급등 대응 물류안정 특별보증",2026-03-25~상품소진시까지,"법인가능,정책자금연계가능,보증료지원가능,금리이차보전가능",1천만원,"* 2026년 경상남도 유가급등 대응 물류안정 특별보증 시행 계획

 [지원대상] 신용보증신청 접수일 현재 경상남도 내에 사업자등록을 한 후 가동(영업) 중으로 아래 2가지 사항을 모두 충족하는 소상공인
  1. 운송업(H49), 건설장비 운영업(F42600) 영위 소상공인(단, 택시운송업(H49231)은 제외)
  2. 대표자 개인신용평점(NICE기준) 755점 이상
 [보증제한] 2026년 재단 신규보증(타재단 포함) 지원받은 소상공인 지원 불가
 [대출한도] 본건 10백만원
 [보증기간] 5년 이내(1년만기 일시상환 또는 1년거치 4년균등분할상환)
 [기타사항] 국세 및 지방세 체납, 신용관리정보, 연체 등의 사유로 거절될수 있습니다.","국민은행,농협은행,우리은행,부산은행,경남은행,하나은행,신한은행,카카오뱅크",2026-06-17 01:28:10
경남,전체,경남신용보증재단,2026년 경상남도 비상금 통장 특별보증(자동심사),2026-05-11~9999-12-31,일반상품,1천만원,"[지원대상] 경상남도 내에 업력이 1년 초과하고, 대표자의 개인신용평점이 NICE기준 790점 또는 KCB기준 720점이면서 최근 3개월간 매출합계가 3백만원 이상인 중소기업 
[대출한도] 10백만원
[상환방법] 1년 일시상환, 1년 단위 연장 가능
[보증료]  보증료 연 1%(5년간)
[금융기관] 하나은행
* 심사중 추가서류를 요청할 수 있습니다.",하나은행,2026-06-17 01:28:10
경남,전체,경남신용보증재단,(농협은행 전용)2026년 하반기 밀양시 소상공인 육성자금,2026-04-29~상품소진시까지,"법인가능,정책자금연계가능,보증료지원가능,금리이차보전가능",5천만원,"* 재단에서 심사를 통해 금액이 결정되며 심사결과에 따라 신청금액은 거절 또는 감액 될수 있습니다.

[2026년 하반기 밀양시 소상공인 육성자금]
-융자규모 : 120억원
-지원대상 : 밀양에서 사업자등록을 하고  사업 영위중인 기업
-지원내용 : 밀양시에서 2년간 연 2.5%p 이자 지원
                밀양시에서 신용보증수수료 최초 1년분의 80% 지원(보증수수료 선납 후 밀양시에 보증료 지원 신청서 제출 필요)
-상환방법 : 일시상환(2년)
                분할상환(2년 거치 3년 원금균등분할상환)

* 대출금융기관
 - 경남은행 (1) : 밀양지점
 - 농협은행 (2) : 밀양시지부, 삼문동지점
 - 우리은행 (2) : 밀양출장소, 진영지점
 - 새마을금고 (2) : 밀양중앙새마을금고, 밀양새마을금고",농협은행,2026-06-17 01:28:10
경남,전체,경남신용보증재단,(경남은행 전용)2026년 하반기 밀양시 소상공인 육성자금,2026-04-29~상품소진시까지,"법인가능,정책자금연계가능,보증료지원가능,금리이차보전가능",5천만원,"* 재단에서 심사를 통해 금액이 결정되며 심사결과에 따라 신청금액은 거절 또는 감액 될수 있습니다.

[2026년 하반기 밀양시 소상공인 육성자금]
-융자규모 : 120억원
-지원대상 : 밀양에서 사업자등록을 하고  사업 영위중인 기업
-지원내용 : 밀양시에서 2년간 연 2.5%p 이자 지원
                밀양시에서 신용보증수수료 최초 1년분의 80% 지원(보증수수료 선납 후 밀양시에 보증료 지원 신청서 제출 필요)
-상환방법 : 일시상환(2년)
                분할상환(2년 거치 3년 원금균등분할상환)

* 대출금융기관
 - 경남은행 (1) : 밀양지점
 - 농협은행 (2) : 밀양시지부, 삼문동지점
 - 우리은행 (2) : 밀양출장소, 진영지점
 - 새마을금고 (2) : 밀양중앙새마을금고, 밀양새마을금고",경남은행,2026-06-17 01:28:10
경남,전체,경남신용보증재단,(우리은행 전용)2026년 하반기 밀양시 소상공인 육성자금,2026-04-29~상품소진시까지,"법인가능,정책자금연계가능,보증료지원가능,금리이차보전가능",5천만원,"* 재단에서 심사를 통해 금액이 결정되며 심사결과에 따라 신청금액은 거절 또는 감액 될수 있습니다.

[2026년 하반기 밀양시 소상공인 육성자금]
-융자규모 : 120억원
-지원대상 : 밀양에서 사업자등록을 하고  사업 영위중인 기업
-지원내용 : 밀양시에서 2년간 연 2.5%p 이자 지원
                밀양시에서 신용보증수수료 최초 1년분의 80% 지원(보증수수료 선납 후 밀양시에 보증료 지원 신청서 제출 필요)
-상환방법 : 일시상환(2년)
                분할상환(2년 거치 3년 원금균등분할상환)

* 대출금융기관
 - 경남은행 (1) : 밀양지점
 - 농협은행 (2) : 밀양시지부, 삼문동지점
 - 우리은행 (2) : 밀양출장소, 진영지점
 - 새마을금고 (2) : 밀양중앙새마을금고, 밀양새마을금고",우리은행,2026-06-17 01:28:10
경남,전체,경남신용보증재단,(새마을금고 전용)2026년 하반기 밀양시 소상공인 육성자금,2026-04-29~상품소진시까지,"법인가능,정책자금연계가능,보증료지원가능,금리이차보전가능",5천만원,"* 재단에서 심사를 통해 금액이 결정되며 심사결과에 따라 신청금액은 거절 또는 감액 될수 있습니다.

[2026년 하반기 밀양시 소상공인 육성자금]
-융자규모 : 120억원
-지원대상 : 밀양에서 사업자등록을 하고  사업 영위중인 기업
-지원내용 : 밀양시에서 2년간 연 2.5%p 이자 지원
                밀양시에서 신용보증수수료 최초 1년분의 80% 지원(보증수수료 선납 후 밀양시에 보증료 지원 신청서 제출 필요)
-상환방법 : 일시상환(2년)
                분할상환(2년 거치 3년 원금균등분할상환)

* 대출금융기관
 - 경남은행 (1) : 밀양지점
 - 농협은행 (2) : 밀양시지부, 삼문동지점
 - 우리은행 (2) : 밀양출장소, 진영지점
 - 새마을금고 (2) : 밀양중앙새마을금고, 밀양새마을금고",새마을금고,2026-06-17 01:28:10
경남,전체,경남신용보증재단,(농협은행 전용)2026년 양산시 소상공인 육성자금(일반자금),2026-02-04~상품소진시까지,"법인가능,정책자금연계가능,보증료지원가능,금리이차보전가능",7천만원,"* 재단에서 심사를 통해 금액이 결정되며 심사결과에 따라 신청금액은 거절 또는 감액 될수 있습니다.

[2026년 양산시 소상공인 육성자금]
-융자한도 : 경영안정자금(창업 6개월 이상) 7천만원 이내
                창업자금(창업 6개월 이내) 5천만원 이내
-지원대상 : 양산에서 사업자등록을 하고  사업 영위중인 기업
-지원내용 : 양산시에서 최대 4년간 연 2.5%p 이자 지원
                양산시에서 신용보증수수료 최초 1년분 전액 지원
-상환방법 : 2년 거치 3년 원금균등분할상환

* 지원 제외대상
-금융보험업, 사치 향락적 소비나 투기를 조장하는 업종
-휴폐업 신고를 하였거나 군수가 사실상 휴폐업 중이라고 인정하는 업체
-국세 및 지방세 체납중인 기업
-경남신용보증재단에서 보증을 제한하는 업종
-&#034;2026년 양산시 소상공인 육성자금&#034; 공고문에서 정한 사항",농협은행,2026-06-17 01:28:10
경남,전체,경남신용보증재단,(경남은행 전용)2026년 양산시 소상공인 육성자금(일반자금),2026-02-04~상품소진시까지,"법인가능,정책자금연계가능,보증료지원가능,금리이차보전가능",7천만원,"* 재단에서 심사를 통해 금액이 결정되며 심사결과에 따라 신청금액은 거절 또는 감액 될수 있습니다.

[2026년 양산시 소상공인 육성자금]
-융자한도 : 경영안정자금(창업 6개월 이상) 7천만원 이내
                창업자금(창업 6개월 이내) 5천만원 이내
-지원대상 : 양산에서 사업자등록을 하고  사업 영위중인 기업
-지원내용 : 양산시에서 최대 4년간 연 2.5%p 이자 지원
                양산시에서 신용보증수수료 최초 1년분 전액 지원
-상환방법 : 2년 거치 3년 원금균등분할상환

* 지원 제외대상
-금융보험업, 사치 향락적 소비나 투기를 조장하는 업종
-휴폐업 신고를 하였거나 군수가 사실상 휴폐업 중이라고 인정하는 업체
-국세 및 지방세 체납중인 기업
-경남신용보증재단에서 보증을 제한하는 업종
-&#034;2026년 양산시 소상공인 육성자금&#034; 공고문에서 정한 사항",경남은행,2026-06-17 01:28:10
경남,전체,경남신용보증재단,(하나은행 전용)2026년 양산시 소상공인 육성자금(일반자금),2026-02-04~상품소진시까지,"법인가능,정책자금연계가능,보증료지원가능,금리이차보전가능",7천만원,"* 재단에서 심사를 통해 금액이 결정되며 심사결과에 따라 신청금액은 거절 또는 감액 될수 있습니다.

[2026년 양산시 소상공인 육성자금]
-융자한도 : 경영안정자금(창업 6개월 이상) 7천만원 이내
                창업자금(창업 6개월 이내) 5천만원 이내
-지원대상 : 양산에서 사업자등록을 하고  사업 영위중인 기업
-지원내용 : 양산시에서 최대 4년간 연 2.5%p 이자 지원
                양산시에서 신용보증수수료 최초 1년분 전액 지원
-상환방법 : 2년 거치 3년 원금균등분할상환

* 지원 제외대상
-금융보험업, 사치 향락적 소비나 투기를 조장하는 업종
-휴폐업 신고를 하였거나 군수가 사실상 휴폐업 중이라고 인정하는 업체
-국세 및 지방세 체납중인 기업
-경남신용보증재단에서 보증을 제한하는 업종
-&#034;2026년 양산시 소상공인 육성자금&#034; 공고문에서 정한 사항",하나은행,2026-06-17 01:28:10
경남,전체,경남신용보증재단,(농협은행 전용)2026년 양산시 소상공인 육성자금(청년창업 특별자금),2026-02-04~상품소진시까지,"법인가능,정책자금연계가능,보증료지원가능,금리이차보전가능",5천만원,"* 재단에서 심사를 통해 금액이 결정되며 심사결과에 따라 신청금액은 거절 또는 감액 될수 있습니다.

[2026년 양산시 소상공인 육성자금(청년창업 특별자금)]
-지원대상 : 양산에서 사업자등록을 하고  사업 영위중인 기업으로 대표자가 만 19세 이상 39세 이하인 창업 2년 이내 소상공인
-지원내용 : 양산시에서 최대 4년간 연 3%p 이자 지원
                양산시에서 신용보증수수료 최초 1년분 전액 지원
-상환방법 : 2년 거치 3년 원금균등분할상환

* 지원 제외대상
-금융보험업, 사치 향락적 소비나 투기를 조장하는 업종
-휴폐업 신고를 하였거나 군수가 사실상 휴폐업 중이라고 인정하는 업체
-국세 및 지방세 체납중인 기업
-경남신용보증재단에서 보증을 제한하는 업종
-&#034;2026년 양산시 소상공인 육성자금&#034; 공고문에서 정한 사항",농협은행,2026-06-17 01:28:10
경남,전체,경남신용보증재단,(경남은행 전용)2026년 양산시 소상공인 육성자금(청년창업 특별자금),2026-02-04~상품소진시까지,"법인가능,정책자금연계가능,보증료지원가능,금리이차보전가능",5천만원,"* 재단에서 심사를 통해 금액이 결정되며 심사결과에 따라 신청금액은 거절 또는 감액 될수 있습니다.

[2026년 양산시 소상공인 육성자금(청년창업 특별자금)]
-지원대상 : 양산에서 사업자등록을 하고  사업 영위중인 기업으로 대표자가 만 19세 이상 39세 이하인 창업 2년 이내 소상공인
-지원내용 : 양산시에서 최대 4년간 연 3%p 이자 지원
                양산시에서 신용보증수수료 최초 1년분 전액 지원
-상환방법 : 2년 거치 3년 원금균등분할상환

* 지원 제외대상
-금융보험업, 사치 향락적 소비나 투기를 조장하는 업종
-휴폐업 신고를 하였거나 군수가 사실상 휴폐업 중이라고 인정하는 업체
-국세 및 지방세 체납중인 기업
-경남신용보증재단에서 보증을 제한하는 업종
-&#034;2026년 양산시 소상공인 육성자금&#034; 공고문에서 정한 사항",경남은행,2026-06-17 01:28:10
경남,전체,경남신용보증재단,(하나은행 전용)2026년 양산시 소상공인 육성자금(청년창업 특별자금),2026-02-04~상품소진시까지,"법인가능,정책자금연계가능,보증료지원가능,금리이차보전가능",5천만원,"* 재단에서 심사를 통해 금액이 결정되며 심사결과에 따라 신청금액은 거절 또는 감액 될수 있습니다.

[2026년 양산시 소상공인 육성자금(청년창업 특별자금)]
-지원대상 : 양산에서 사업자등록을 하고  사업 영위중인 기업으로 대표자가 만 19세 이상 39세 이하인 창업 2년 이내 소상공인
-지원내용 : 양산시에서 최대 4년간 연 3%p 이자 지원
                양산시에서 신용보증수수료 최초 1년분 전액 지원
-상환방법 : 2년 거치 3년 원금균등분할상환

* 지원 제외대상
-금융보험업, 사치 향락적 소비나 투기를 조장하는 업종
-휴폐업 신고를 하였거나 군수가 사실상 휴폐업 중이라고 인정하는 업체
-국세 및 지방세 체납중인 기업
-경남신용보증재단에서 보증을 제한하는 업종
-&#034;2026년 양산시 소상공인 육성자금&#034; 공고문에서 정한 사항",하나은행,2026-06-17 01:28:10
경남,전체,경남신용보증재단,2026년 통영시 소상공인 육성자금,2026-01-21~상품소진시까지,"법인가능,정책자금연계가능,금리이차보전가능",5천만원,"* 재단에서 심사를 통해 금액이 결정되며 심사결과에 따라 신청금액은 거절 또는 감액 될수 있습니다.

[2026년 통영시 소상공인 육성자금]
-지원대상 : 통영에서 사업자등록을 하고  사업 영위중인 기업
-지원내용 : 통영시에서 1년간 연 2.5%p 이자 지원
-상환방법 : 1년 일시 또는 1년 거치 4년 원금균등분할상환

* 지원 제외대상
-금융보험업, 사치 향락적 소비나 투기를 조장하는 업종
-휴폐업 신고를 하였거나 군수가 사실상 휴폐업 중이라고 인정하는 업체
-국세 및 지방세 체납중인 기업
-경남신용보증재단에서 보증을 제한하는 업종
-&#034;2026년 통영시 소상공인 육성자금&#034; 공고문에서 정한 사항","기업은행,국민은행,농협은행,우리은행,경남은행,하나은행",2026-06-17 01:28:10
경남,전체,경남신용보증재단,2026년 상반기 산청군 소상공인 육성자금,2026-01-28~상품소진시까지,"법인가능,정책자금연계가능,금리이차보전가능",5천만원,"* 재단에서 심사를 통해 금액이 결정되며 심사결과에 따라 신청금액은 거절 또는 감액 될수 있습니다.

[2026년 상반기 산청군 소상공인 육성자금]
-지원대상 : 산청에서 사업자등록을 하고  사업 영위중인 기업
-지원내용 : 산청군에서 5년간 연 3.5%p 이자 지원
-상환방법 : 2년 거치 3년 원금균등분할상환

* 지원 제외대상
-금융보험업, 사치 향락적 소비나 투기를 조장하는 업종
-휴폐업 신고를 하였거나 군수가 사실상 휴폐업 중이라고 인정하는 업체
-국세 및 지방세 체납중인 기업
-경남신용보증재단에서 보증을 제한하는 업종
-&#034;2026년 산청군 소상공인 육성자금&#034; 공고문에서 정한 사항","기업은행,농협은행,지역농축협,경남은행,새마을금고",2026-06-17 01:28:10
경남,전체,경남신용보증재단,2026년 하동군 소상공인 육성자금,2026-03-04~상품소진시까지,"법인가능,정책자금연계가능,금리이차보전가능",5천만원,"* 재단에서 심사를 통해 금액이 결정되며 심사결과에 따라 신청금액은 거절 또는 감액 될수 있습니다.

[2026년 하동군 소상공인 육성자금]
-지원대상 : 하동에서 사업자등록을 하고  사업 영위중인 기업
-지원내용 : 하동군에서 2년간 연 4%p 이자 지원
-상환방법 : 2년 일시 또는 2년 거치 3년 원금균등분할상환

* 지원 제외대상
-금융보험업, 사치 향락적 소비나 투기를 조장하는 업종
-휴폐업 신고를 하였거나 군수가 사실상 휴폐업 중이라고 인정하는 업체
-국세 및 지방세 체납중인 기업
-경남신용보증재단에서 보증을 제한하는 업종
-&#034;2026년 하동군 소상공인 육성자금&#034; 공고문에서 정한 사항","농협은행,경남은행",2026-06-17 01:28:10
경남,전체,경남신용보증재단,2026년 남해군 소상공인 육성자금,2026-01-26~상품소진시까지,"법인가능,정책자금연계가능,금리이차보전가능",5천만원,"* 재단에서 심사를 통해 금액이 결정되며 심사결과에 따라 신청금액은 거절 또는 감액 될수 있습니다.

[2026년 남해군 소상공인 육성자금]
-지원대상 : 남해에서 사업자등록을 하고  사업 영위중인 기업
-지원내용 : 남해군에서 2년간 연 2.5%p 이자 지원
-상환방법 : 2년 일시 또는 2년 거치 3년 원금균등분할상환

* 지원 제외대상
-금융보험업, 사치 향락적 소비나 투기를 조장하는 업종
-휴폐업 신고를 하였거나 군수가 사실상 휴폐업 중이라고 인정하는 업체
-국세 및 지방세 체납중인 기업
-경남신용보증재단에서 보증을 제한하는 업종
-&#034;2026년 남해군 소상공인 육성자금&#034; 공고문에서 정한 사항","수협(은행),농협은행,지역농축협,경남은행,새마을금고,신협",2026-06-17 01:28:10
경남,전체,경남신용보증재단,2026년 의령군 소상공인 육성자금,2026-03-24~상품소진시까지,"법인가능,정책자금연계가능,금리이차보전가능",5천만원,"* 재단에서 심사를 통해 금액이 결정되며 심사결과에 따라 신청금액은 거절 또는 감액 될수 있습니다.

[2026년 의령군 소상공인 육성자금]
-지원대상 : 의령에서 사업자등록을 하고  사업 영위중인 기업
-지원내용 : 의령군에서 만기일까지 연 3%p 이자 지원
-상환방법 : 1년 일시 또는 1년 거치 4년 원금균등분할상환

* 지원 제외대상
-금융보험업, 사치 향락적 소비나 투기를 조장하는 업종
-휴폐업 신고를 하였거나 군수가 사실상 휴폐업 중이라고 인정하는 업체
-국세 및 지방세 체납중인 기업
-경남신용보증재단에서 보증을 제한하는 업종
-&#034;2026년 의령군 소상공인 육성자금&#034; 공고문에서 정한 사항","농협은행,경남은행",2026-06-17 01:28:10
경남,전체,경남신용보증재단,2026년 함안군 소상공인 육성자금,2026-01-12~상품소진시까지,"법인가능,정책자금연계가능,금리이차보전가능",5천만원,"* 재단에서 심사를 통해 금액이 결정되며 심사결과에 따라 신청금액은 거절 또는 감액 될수 있습니다.

[2026년 함안군 소상공인 육성자금]
-지원대상 : 함안에서 사업자등록을 하고  사업 영위중인 기업
-지원내용 : 함안군에서 2년 이내 연 5%p 이자 지원
-상환방법 : 2년 일시 또는 2년 거치 3년 원금균등분할상환

* 지원 제외대상
-금융보험업, 사치 향락적 소비나 투기를 조장하는 업종
-휴폐업 신고를 하였거나 군수가 사실상 휴폐업 중이라고 인정하는 업체
-국세 및 지방세 체납중인 기업
-경남신용보증재단에서 보증을 제한하는 업종
-&#034;2026년 함안군 소상공인 육성자금&#034; 공고문에서 정한 사항","농협은행,지역농축협,경남은행,새마을금고,산림조합",2026-06-17 01:28:10
경남,전체,경남신용보증재단,(정부자금)중소벤처기업부 정책자금보증(소진공 정책자금 지원대상 확인서 발급받은 자만 가능),2026-01-02~상품소진시까지,"법인가능,정책자금연계가능",5천만원,"* 소상공인시장진흥공단의 소상공인정책자금지원대상확인서를 발급받으신분에 한해 지원 가능합니다.

- 신용보증신청 접수일 현재 경상남도에 사업자등록 후 가동(영업)중인 소기업 소상공인
  (단, 대표자 개인신용평점 NICE 신용평점 755점 이상)
- 재단 내부 심사 후 가능 여부 결정","기업은행,국민은행,수협(은행),농협은행,지역농축협,우리은행,스탠다드차타드은행,아이엠뱅크(舊.대구은행),부산은행,경남은행,새마을금고,신협,산림조합,하나은행,신한은행",2026-06-17 01:28:10
경북,전체,경북신용보증재단,2026년 소상공인 비즈+ 카드보증(T1_비대면보증),2026-03-23~9999-12-31,일반상품,1천만원,"* 보증서 발급 이후 기업은행에서 연체·특수채권 보유 등 제한사항 심사하여, 카드발급이 거절될 수 있음.",기업은행,2026-06-17 01:28:12
경북,전체,경북신용보증재단,지역 맞춤형 특례보증(시군 소상공인 특례보증 및 경북 버팀금융),2025-01-01~상품소진시까지,"법인가능,금리이차보전가능,저신용자가능",5천만원,"경북 시·군 소재 소상공인들에 대해 특례보증서 발급 및 2년간 일부 이자지원을 해드리는 상품입니다.

※ 업체당 지원한도 및 이차보전율 등은 심사결과 및 지역에 따라 달라질 수 있습니다.","기업은행,국민은행,수협(은행),농협은행,지역농축협,우리은행,아이엠뱅크(舊.대구은행),새마을금고,신협,산림조합,하나은행,신한은행,케이뱅크,카카오뱅크",2026-06-17 01:28:12
경북,전체,경북신용보증재단,소상공인시장진흥공단 정책자금,2023-04-25~상품소진시까지,"법인가능,정책자금연계가능,보증료지원가능,저신용자가능,창업기업특화,은행APP신청,일반상품",7천만원,"- 소상공인 시장진흥공단의 정책자금은 재단의 보증서 담보로 저금리의 소상공인 자금 지원(대출)하는 소진공 대리대출 자금입니다.
  (부동산 담보 또는 신용은 대출은행으로 직접 문의)
- 소진공 정책자금 확인서(추천서)를 소상공인 시장진흥공단으로부터 발급 받으신 분들은 &#034;소상공인시장진흥공단 정책자금&#034;으로 신청 해 주시기 바랍니다.
감사합니다.","산업은행,기업은행,국민은행,수협(은행),농협은행,지역농축협,우리은행,스탠다드차타드은행,한국씨티은행,아이엠뱅크(舊.대구은행),부산은행,광주은행,제주은행,전북은행,경남은행,새마을금고,신협,상호저축은행,산림조합,하나은행,신한은행,카카오뱅크",2026-06-17 01:28:12
경북,전체,경북신용보증재단,소상공인 희망채움기금 금융지원 협약보증,2026-04-20~상품소진시까지,"정책자금연계가능,보증료지원가능,은행APP신청",5천만원,,국민은행,2026-06-17 01:28:12
경북,전체,경북신용보증재단,전환보증(채무 기한연장 및 원금 상환유예),2024-07-31~상품소진시까지,"법인가능,정책자금연계가능,보증료지원가능,일반상품",0원,원금 상환에 어려움을 겪는 소기업·소상공인에 기보증잔액 범위 내에서 보증서를 대환해드리는 상품입니다.,"기업은행,국민은행,농협은행,우리은행,스탠다드차타드은행,아이엠뱅크(舊.대구은행),하나은행,신한은행",2026-06-17 01:28:12
경북,전체,경북신용보증재단,브릿지보증(폐업사업자 대환보증),2025-05-13~상품소진시까지,"무등록사업자가능,저신용자가능,일반상품",0원,폐업사업자의 기존 사업자보증대출을 개인보증대출로 전환하는 상품,"산업은행,기업은행,국민은행,수협(은행),농협은행,지역농축협,우리은행,스탠다드차타드은행,아이엠뱅크(舊.대구은행),부산은행,광주은행,제주은행,전북은행,경남은행,새마을금고,신협,상호저축은행,산림조합,하나은행,신한은행",2026-06-17 01:28:12
광주,전체,광주신용보증재단,소상공인시장진흥공단 정책자금 연계 신청,2026-01-01~상품소진시까지,"법인가능,정책자금연계가능",1억원,소상공인시장진흥공단에서 발급받은 정책자금확인서를 연계한 보증부대출 신청임.,"금융기관 없음,기업은행,국민은행,수협(은행),농협은행,지역농축협,우리은행,스탠다드차타드은행,한국씨티은행,광주은행,새마을금고,신협,하나은행,신한은행",2026-06-17 01:28:14
광주,전체,광주신용보증재단,2026년 서구 소상공인 특례보증(중저신용자 전용),2026-04-01~상품소진시까지,"법인가능,금리이차보전가능,은행APP신청,일반상품",2천만원,"- 지원대상
광주광역시 서구에서 사업을 영위 중이고, NICE기준 신용점수 924점 이하인 소상공인

- 지원한도
업체당 최대 2천만원 이내

-지원내용
1년간 이자 지원

-상환방식
1년 일시상환(최대 5년까지 연장가능) / 1년거치 4년원금균등분할상환

* 심사 내용에 따라 대출이 제한될 수 있습니다.",광주은행,2026-06-17 01:28:14
광주,전체,광주신용보증재단,2026년 광주광역시 청년창업 특례보증,2026-03-23~상품소진시까지,"법인가능,금리이차보전가능,은행APP신청,일반상품",5천만원,"대표자가 만 39세 이하이고, 개인신용평점이 625점 이상이며 업력이 7년 이하인 소기업？소상공인
 - 개인신용평점은 NICE평가정보(주)의 개인신용평점을 적용
 - 2026년 광주광역시 소상공인 특례보증 지원 이력이 있는 기업은 신청불가
※ 광주광역시에서 1년간 이자 3.0% 지원 (금융기관별 상이)","기업은행,국민은행,농협은행,우리은행,광주은행,하나은행,신한은행",2026-06-17 01:28:14
광주,전체,광주신용보증재단,2025년 우아한형제들 카카오뱅크 특별출연 금융지원 협약보증,2026-01-14~상품소진시까지,"법인가능,일반상품",1억원,"？ 신용보증신청 접수일 현재 업력 6개월 이상으로 사업자등록 후 가동(영업)중인
   개인기업으로 다음의 요건을 충족하는 소기업·소상공인

  1) 표준산업분류코드 상 음식점업(561~)과 주점 및 비알코올 음료점업(562~)인   소기업 소상공인

  2) 전통시장* 상인
   * 「전통시장 및 상점가 육성을 위한 특별법」 제2조 제1호에 의한 “전통시장” 으로 중소벤처기업부와 소상공인시장진흥공단을 통해 온누리상품권 가맹점포로          등록된 업체 또는 제2조 제2호에 의한 ‘상점가&#039; 및 제2조 제2의2호에 의한 ‘골목형 상점가’",카카오뱅크,2026-06-17 01:28:14
광주,전체,광주신용보증재단,생계형 적합업종 금융지원 협약보증,2026-03-16~상품소진시까지,"법인가능,일반상품",5천만원,"Track1. 적합업종
떡국떡, 떡볶이 떡, 면류, 장류제조업(고추장, 간장, 된장, 청국장), 두부, 서적 및 잡지류소매, 가정용 가스연로 소매업

Track2. 유사업종
광주신용보증재단 홈페이지 -> 보증상품 -> 생계형 적합엄종 금융지원 협약보증 참고","농협은행,케이뱅크",2026-06-17 01:28:14
광주,전체,광주신용보증재단,재창업 특례보증,2022-07-29~상품소진시까지,"법인가능,정책자금연계가능",5천만원,-폐업 후 재창업 또는 업종을 전환한 기업,"기업은행,국민은행,농협은행,우리은행,스탠다드차타드은행,광주은행,하나은행,신한은행",2026-06-17 01:28:14
광주,전체,광주신용보증재단,브릿지보증 (폐업자 전용),2021-07-01~상품소진시까지,"보증료지원가능,저신용자가능",0원,"* 아래 내용을 모두 충족하는 기업
-재단의 보증을 이용 중일 것
-사업장이 폐업한 상태일 것
-개인신용평점 990점 이하 또는 연간소득 8천만원 이하일 것
-재단의 보증사고기업으로 처리되지 않았을 것
*재단 보증잔액 내에서 지원","산업은행,기업은행,국민은행,수협(은행),농협은행,지역농축협,우리은행,스탠다드차타드은행,광주은행,새마을금고,신협,상호저축은행,산림조합,하나은행,신한은행,카카오뱅크",2026-06-17 01:28:14
광주,전체,광주신용보증재단,소기업·소상공인 전환보증 (상환구조 변경),2024-07-31~상품소진시까지,"법인가능,보증료지원가능,일반상품",1억원,"대출금의 원금(분할상환원금 포함) 상환 부담으로 어려움을 겪고 있는
소기업ㆍ소상공인에게 만기상환 구조 전환을 통한 경영안정을 지원","기업은행,국민은행,농협은행,지역농축협,우리은행,스탠다드차타드은행,아이엠뱅크(舊.대구은행),부산은행,광주은행,제주은행,전북은행,경남은행,신협,하나은행,신한은행",2026-06-17 01:28:14
광주,전체,광주신용보증재단,전통시장 금융지원 협약보증,2026-01-14~상품소진시까지,"법인가능,정책자금연계가능",5천만원,"신용보증신청 접수일 현재 사업자등록 후 6개월 이상 가동(영업) 중으로, “전통시장 및 상점가”*에 소재하여 영업중인 소기업·소상공인

    * 전통시장 및 상점가 : 「전통시장 및 상점가 육성을 위한 특별법」(이하 ‘전통시장법’) 제2조제1호에 의한 “전통시장”, 동법 제2조제2호에 의한 “상점가” 및 제2조제2의2호에 의한 “골목형상점가”를 말한다.",신한은행,2026-06-17 01:28:14
광주,전체,광주신용보증재단,KB소상공인컨설팅과 함께하는 금융지원 업무협약,2026-01-04~상품소진시까지,정책자금연계가능,1억원,"보증신청 접수일 현재 사업자등록 후 가동(영업)중으로, 
국민은행 KB소상공인컨설팅센터로부터 본 협약보증을 추천*받은 소기업？소상공인인 개인기업",국민은행,2026-06-17 01:28:14
광주,전체,광주신용보증재단,노란우산공제 금융지원 협약보증,2026-01-14~상품소진시까지,"법인가능,정책자금연계가능",5천만원,"신용보증신청 접수일 현재 사업자등록 후 6개월 이상 가동(영업) 중으로, 대표자(실제경영자)가 중소기업중앙회의 노란우산공제에 정상 가입중인 소기업·소상공인",신한은행,2026-06-17 01:28:14
광주,전체,광주신용보증재단,기업은행 특별출연을 통한 골목상권 살리기 금융지원 협약보증,2026-01-14~상품소진시까지,법인가능,5천만원,"보증대상기업 : 신용보증신청 접수일 현재 대표자(실제경영자)의 개인신용평점이 710점 이상이며, 아래의 지원요건* 중 어느 하나에 해당되는 소기업·소상공인

   * 해당되는 지원요건에 따라 일반지원과 우대지원을 구분하여 보증조건을 적용

  1) (일반 지원 요건) 

   ① 「전통시장 및 상점가 육성을 위한 특별법」(이하 ‘전통시장법’)에 따른 ‘상권활성화구역’ 인접 읍·면·동에 소재한 기업 (이하 ‘상권활성화기업’)

   ② 「지역상권 상생 및 활성화에 관한 법률」(이하 ‘지역상권법’)에 따른 ‘자율상권구역’ 인접 읍·면·동에 소재한 기업 (이하 ‘자율상권기업’)

   ③ 전통시장법에 따른 ‘전통시장’, ‘상점가’, ‘골목형상점가’ 소재 기업 (이하 ‘전통시장기업’)

  2) (우대 지원 요건)

   ① 소상공인시장진흥공단의 디지털온누리상품권 가맹점으로 가맹 등록된 기업 (이하 ‘디지털온누리가맹점’)

   ② 한국간편결제진흥원의 제로페이 가맹점으로 가맹 등록된 기업(이하 ‘제로페이가맹점’)",기업은행,2026-06-17 01:28:14
광주,전체,광주신용보증재단,기업은행 특별출연을 통한 프랜차이즈 가맹저 금융지원 협약보증,2026-01-14~상품소진시까지,법인가능,5천만원,"1) (일반 지원) 신용보증신청 접수일 현재 사업자 등록 후 가동(영업) 중이며 기업은행과 프랜차이즈 BaaS 서비스를 가입한 가맹점(이하 ‘BaaS 가맹점’)
   * 가맹본사-가맹점 間 물류결제를 지원하는 기업은행의 프랜차이즈 전용 공급망 금융서비스
   - BaaS 가맹점 중 현재 사업자 등록 후 1년 미만 가동(영업) 중인 경우, ‘창업든든(일반)’, 1년 이상인 경우 ‘경영안심(일반)’으로 구분 지원

  2) (우대 지원) BaaS 가맹점주 중 가맹본사의 우수가맹점 추천을 받은 기업(이하 ‘우수가맹점’)

   - 우수가맹점 중 현재 사업자 등록 후 1년 미만 가동(영업) 중인 경우 ‘창업든든(우대)’, 1년 이상인 경우 ‘경영안심(우대)’ 구분",기업은행,2026-06-17 01:28:14
광주,전체,광주신용보증재단,사회적경제기업 특례보증,2018-03-02~상품소진시까지,"법인가능,정책자금연계가능",4억원,"-사회적기업, 협동조합, 협동조합연합회, 사회적협동조합, 사회적협동조합연합회
-금융기관 중 광주은행을 통해서만 이차보전 가능","기업은행,국민은행,농협은행,지역농축협,우리은행,광주은행,새마을금고,신협,하나은행,신한은행",2026-06-17 01:28:14
광주,전체,광주신용보증재단,2025년 카카오뱅크 보듬희망 금융지원 협약보증,2025-10-24~상품소진시까지,"보증료지원가능,일반상품",4천2백5십만원,"○ 다음 각 호에 모두 해당하는 광주광역시 소재 개인기업
 - 「중소기업기본법 및 동법 시행령」에 따른 중·소기업 (소상공인 포함)
 - 대표자(실제경영자 기준)의 개인신용평점이 710점 이상일 것
 *본 취급기준의 개인신용평점은 NICE평가정보(주)의 개인신용평점을 적용",카카오뱅크,2026-06-17 01:28:14
광주,전체,광주신용보증재단,장애인기업 특례보증,2016-06-13~상품소진시까지,"법인가능,정책자금연계가능,저신용자가능",5천만원,-보증신청일 현재 사업자등록 후 영업 중인 장애인기업,"산업은행,기업은행,국민은행,수협(은행),농협은행,지역농축협,우리은행,스탠다드차타드은행,한국씨티은행,광주은행,새마을금고,신협,상호저축은행,산림조합,하나은행,신한은행",2026-06-17 01:28:14
광주,전체,광주신용보증재단,2026년 소상공인 비즈+ 카드보증(T1_비대면보증),2026-03-23~9999-12-31,일반상품,1천만원,"* 보증서 발급 이후 기업은행에서 연체·특수채권 보유 등 제한사항 심사하여, 카드발급이 거절될 수 있음.",기업은행,2026-06-17 01:28:14
광주,전체,광주신용보증재단,재단 추천 상품,2026-02-03~상품소진시까지,"법인가능,일반상품",2억원,,"기업은행,국민은행,농협은행,우리은행,광주은행,하나은행,신한은행,카카오뱅크",2026-06-17 01:28:14
광주,전체,광주신용보증재단,"2026년 카카오뱅크 특별출연 금융지원 협약보증(1년일시상환, 최대5년연장)",2026-05-15~상품소진시까지,"은행APP신청,일반상품",5천만원,"○ 다음 각 호에 모두 해당하는 광주광역시 소재 개인기업
 - 「중소기업기본법 및 동법 시행령」에 따른 중·소기업 (소상공인 포함)
 - 대표자(실제경영자 기준)의 개인신용평점이 755점 이상일 것
 *본 취급기준의 개인신용평점은 NICE평가정보(주)의 개인신용평점을 적용",카카오뱅크,2026-06-17 01:28:14
광주,전체,광주신용보증재단,2026년 카카오뱅크 특별출연 금융지원 협약보증(1년거치 4년 원금균등 분할상환),2026-05-15~상품소진시까지,"은행APP신청,일반상품",5천만원,"○ 다음 각 호에 모두 해당하는 광주광역시 소재 개인기업
 - 「중소기업기본법 및 동법 시행령」에 따른 중·소기업 (소상공인 포함)
 - 대표자(실제경영자 기준)의 개인신용평점이 755점 이상일 것
 *본 취급기준의 개인신용평점은 NICE평가정보(주)의 개인신용평점을 적용",카카오뱅크,2026-06-17 01:28:14
대구,전체,대구신용보증재단,2026년 소상공인 비즈+ 카드보증(T1_비대면보증),2026-03-23~9999-12-31,일반상품,1천만원,"* 보증서 발급 이후 기업은행에서 연체·특수채권 보유 등 제한사항 심사하여, 카드발급이 거절될 수 있음.",기업은행,2026-06-17 01:28:16
대구,전체,대구신용보증재단,전환보증(기보증회수보증),2025-03-17~2026-12-31,"법인가능,일반상품",2억원,"- 신규대출 X (기존 이용중인 보증부대출의 상환조건 변경, 연장 등을 위한 보증).",금융기관 없음,2026-06-17 01:28:16
대구,전체,대구신용보증재단,2026 대구 상생 성장 금융지원 패키지,2026-01-02~상품소진시까지,"법인가능,정책자금연계가능,금리이차보전가능",2억원,"Part1. 대구형 창업 성장 플러스 특별보증
Part2. 대구형 전통시장 골목상권 활력 특별보증
Part3. 대구형 특화 혁신기업 우대 특별보증

* 최종 지원가능 여부는 별도의 심사 후 결정됩니다.","기업은행,국민은행,농협은행,우리은행,아이엠뱅크(舊.대구은행),하나은행,신한은행,케이뱅크,카카오뱅크",2026-06-17 01:28:16
대구,전체,대구신용보증재단,2026년 수성구 소상공인 경영안정자금 지원 특례보증,2026-02-04~상품소진시까지,"법인가능,금리이차보전가능",5천만원,"-지원규모: 48억원
-2년간 3% 이차보전",아이엠뱅크(舊.대구은행),2026-06-17 01:28:16
대구,전체,대구신용보증재단,2026년 남구 소상공인 경영안정자금 지원 특례보증,2026-04-01~상품소진시까지,"법인가능,금리이차보전가능",2천만원,"2026년 남구 소상공인 경영안정자금 지원 특례보증
지원규모 : 20억원
시행기간 : 2026.04.01.~자금소진시까지",아이엠뱅크(舊.대구은행),2026-06-17 01:28:16
대전,전체,대전신용보증재단,(신한) 26년 경영위기극복 특례보증,2026-05-04~상품소진시까지,"법인가능,금리이차보전가능",7천만원,"대전시에서 사업을 운영중인 소상공인을 대상으로, 대전시에서 2년간 2.7%이자를 지원하는 상품//",신한은행,2026-06-17 01:28:18
대전,전체,대전신용보증재단,(우리) 26년 경영위기극복 특례보증,2026-05-04~상품소진시까지,"법인가능,금리이차보전가능",7천만원,"대전시에서 사업을 운영중인 소상공인을 대상으로, 대전시에서 2년간 2.7%이자를 지원하는 상품//",우리은행,2026-06-17 01:28:18
대전,전체,대전신용보증재단,(카카오) 26년 경영위기극복 특례보증,2026-05-04~상품소진시까지,금리이차보전가능,7천만원,"대전시에서 사업을 운영중인 소상공인을 대상으로, 대전시에서 2년간 2.7%이자를 지원하는 상품//",카카오뱅크,2026-06-17 01:28:18
대전,전체,대전신용보증재단,(하나) 26년 경영위기극복 특례보증,2026-05-04~상품소진시까지,"법인가능,금리이차보전가능",7천만원,"대전시에서 사업을 운영중인 소상공인을 대상으로, 대전시에서 2년간 2.7%이자를 지원하는 상품//",하나은행,2026-06-17 01:28:18
대전,전체,대전신용보증재단,(Track2.대환)대전형 소상공인 초저금리 특별자금,2026-01-06~2026-11-30,"법인가능,금리이차보전가능",7천만원,"★해당 자금은 신규자금이 아닌 대환 자금으로, 재단의 이용중인 상품이 있을경우만 가능합니다.★
★대전신용보증재단 홈페이지에서 &#034;초저금리 특별자금(대환)&#034; 온라인 선착순 접수 완료 하신분들만 신청 바랍니다.★","기업은행,국민은행,수협(은행),농협은행,지역농축협,우리은행,부산은행,전북은행,새마을금고,신협,하나은행,신한은행,카카오뱅크",2026-06-17 01:28:18
대전,전체,대전신용보증재단,신한은행 상생배달앱(땡겨요) 입점업체 지원 협약보증,2026-01-06~9999-12-31,"법인가능,정책자금연계가능,금리이차보전가능",7천만원,"상생배달앱(땡겨요) 입점업체 지원을 위한 신한은행 특별출연 업무협약
*본상품은 초저금리 특별자금 특별지원 대상 입니다.",신한은행,2026-06-17 01:28:18
대전,전체,대전신용보증재단,우리은행 성실상환자 우대지원 협약보증,2026-01-06~상품소진시까지,"법인가능,정책자금연계가능,금리이차보전가능",7천만원,"대전광역시에 소재한 성실상환 소상공인의 재도약과 경영부담 해소를 지원
*본상품은 초저금리 특별자금 특별지원 대상 입니다.",우리은행,2026-06-17 01:28:18
대전,전체,대전신용보증재단,(중소벤처기업부)소상공인 정책자금(대리대출),2025-01-01~상품소진시까지,"법인가능,정책자금연계가능",1억원,소상공인시장진흥공단의 정책자금(대리대출) 확인서 발급자 대상 심사,"산업은행,기업은행,국민은행,수협(은행),농협은행,우리은행,스탠다드차타드은행,아이엠뱅크(舊.대구은행),부산은행,광주은행,제주은행,전북은행,경남은행,새마을금고,신협,산림조합,하나은행,신한은행",2026-06-17 01:28:18
대전,전체,대전신용보증재단,2026년 소상공인 비즈+ 카드보증(T1_비대면보증),2026-03-23~9999-12-31,일반상품,1천만원,"* 보증서 발급 이후 기업은행에서 연체·특수채권 보유 등 제한사항 심사하여, 카드발급이 거절될 수 있음.",기업은행,2026-06-17 01:28:18
대전,전체,대전신용보증재단,노란우산공제 금융지원 업무협약보증,2025-05-22~상품소진시까지,"법인가능,정책자금연계가능",5천만원,생활안정을 위해 노란우산공제에 가입한 소기업·소상공인이 안정적으로 사업을 영위할 수 있도록 우대자금 지원,신한은행,2026-06-17 01:28:18
대전,전체,대전신용보증재단,재창업 특례보증,2023-06-01~상품소진시까지,"법인가능,정책자금연계가능,창업기업특화",1억원,"- 코로나19 피해 등으로 인해 폐업한 사업자 중 재창업한 소기업ㆍ소상공인에게 창업자금을 지원
- 보증대상 : 아래의 사항을 모두 충족하는 소기업, 소상공인
  ① 신용보증신청 접수일 현재 사업자 등록 후 가동(영업) 중
  ② 폐업 후 재창업 또는 업종을 전환한 기업","기업은행,국민은행,농협은행,우리은행,스탠다드차타드은행,아이엠뱅크(舊.대구은행),부산은행,광주은행,제주은행,전북은행,경남은행,하나은행,신한은행",2026-06-17 01:28:18
대전,전체,대전신용보증재단,재도전지원 특례보증,2026-03-26~상품소진시까지,법인가능,5천만원,"재단의 대위변제, 법적채무 종결, 관리종결, 채권매각 등 실패경험이 있으나 교육,컨설팅 등을 수료하여 재도전 의지와 능력을 갖춘 기업.","금융기관 없음,기업은행,국민은행,농협은행,지역농축협,우리은행,새마을금고,하나은행,신한은행,카카오뱅크",2026-06-17 01:28:18
대전,전체,대전신용보증재단,브릿지 보증,2025-01-07~상품소진시까지,무등록사업자가능,0원,재단 이용중이나 폐업한 사업자가 잔액 범위 내에서 대출 금액을 개인대출로 전환하는 대환 상품,"기업은행,국민은행,농협은행,지역농축협,우리은행,새마을금고,신협,하나은행,신한은행",2026-06-17 01:28:18
대전,전체,대전신용보증재단,대환상품 (기보증회수보증),2026-01-01~9999-12-31,"법인가능,일반상품",2억원,"기보증 회수조건 보증상품(신규보증X)

※ 보증금액 : 이전 보증의 보증금액 이내","기업은행,국민은행,수협(은행),농협은행,지역농축협,우리은행,스탠다드차타드은행,아이엠뱅크(舊.대구은행),부산은행,광주은행,제주은행,전북은행,경남은행,새마을금고,신협,상호저축은행,하나은행,신한은행,케이뱅크,카카오뱅크",2026-06-17 01:28:18
대전,전체,대전신용보증재단,회생지원보증(회수보증),2026-04-30~상품소진시까지,"법인가능,저신용자가능",2억원,재단 보증사고 업체 중 구상채권을 변제하기 위하여 취급하는 보증,"국민은행,농협은행,지역농축협,우리은행,스탠다드차타드은행,아이엠뱅크(舊.대구은행),부산은행,새마을금고,신협,하나은행,신한은행",2026-06-17 01:28:18
부산,전체,부산신용보증재단,2026년 소상공인 비즈+ 카드보증(T1_비대면보증),2026-03-23~9999-12-31,일반상품,1천만원,"* 보증서 발급 이후 기업은행에서 연체·특수채권 보유 등 제한사항 심사하여, 카드발급이 거절될 수 있음.",기업은행,2026-06-17 01:28:20
부산,전체,부산신용보증재단,소상공인시장진흥공단 소상공인 정책자금(대리대출),2025-01-01~상품소진시까지,정책자금연계가능,7천만원,"★소상공인 정책자금 지원대상 확인서는 정책자금 지원대상인 소상공인 여부를 확인하는 것이며, 실제 정책자금 지원 한도는 보증기관 및 대출기관에서 최종 결정됩니다.
★정책자금 보증 및 대출 신청은 확인서 상단에 기재된 &#039;유효일&#039;내에서만 가능합니다.

지원대상 : 소상공인시장진흥공단(이하 소진공)에서 &#039;신용보증서&#039;를 담보로 소상공인 정책자금 지원대상 확인서를 발급받은 고객
※제출서류 중 기타서류에 자금 추천서 스캔 및 업로드 요망","산업은행,기업은행,국민은행,수협(은행),농협은행,우리은행,스탠다드차타드은행,아이엠뱅크(舊.대구은행),부산은행,광주은행,제주은행,전북은행,경남은행,새마을금고,신협,산림조합,하나은행,신한은행",2026-06-17 01:28:20
부산,전체,부산신용보증재단,소상공인 희망채움기금 금융지원 협약보증(T1 일시) - 사업장 소재지 기장군 한정,2026-04-20~상품소진시까지,"정책자금연계가능,보증료지원가능",5천만원,(기장군 소재 한국수력원자력과 국민은행과 신용보증재단이 원전 주변지역 소상공인의 경영안정 지원 및 지역경제 활성화 도모를 위해 출시한 상품,국민은행,2026-06-17 01:28:20
부산,전체,부산신용보증재단,소상공인 희망채움기금 금융지원 협약보증(T2 분할) - 사업장 소재지 기장군 한정,2026-04-20~상품소진시까지,"정책자금연계가능,보증료지원가능",5천만원,한국수력원자력과 국민은행과 신용보증재단이 원전 주변지역 소상공인의 경영안정 지원 및 지역경제 활성화 도모를 위해 출시한 상품,국민은행,2026-06-17 01:28:20
부산,전체,부산신용보증재단,모두 비타민 PLUS 협약보증(T2. 토탈패키지 지원사업 수진기업),2026-01-01~상품소진시까지,"법인가능,보증료지원가능,금리이차보전가능,저신용자가능",1천만원,"2026년도 소상공인 경영개선 토탈패키지 지원사업 수진기업 전용 상품입니다.

신용평점 무관하게 신청 가능합니다.",부산은행,2026-06-17 01:28:20
부산,전체,부산신용보증재단,토탈패키지 2차 모집 사전진단,2026-06-01~2026-06-17,"법인가능,정책자금연계가능,보증료지원가능,저신용자가능,재기지원특화",0원,"대출(보증)상품이 아닙니다.

토탈패키지(교육+컨설팅+사업자금+금융비용) 신청을 위한 사전진단 단계입니다. 

사전진단을 통해 신용보증결격사유를 확인합니다.

적격자에 한하여 지원서 접수 가능합니다.",금융기관 없음,2026-06-17 01:28:20
부산,전체,부산신용보증재단,2026년 부산시 임차 소상공인 지원 협약보증,2026-05-20~2026-12-31,금리이차보전가능,1억원,"1. 상품개요
□ 상품명 : 2026년 부산시 임차 소상공인 지원 협약보증 
□ 지원규모 : 500억원
□ 지원기간 : 2026. 5. 20. ~ 2026. 12. 31. (또는 자금 소진 시까지)

2. 지원대상 : 신용보증신청 접수일 기준 아래 요건을 충족하는 기업
① 부산시 소재 소기업·소상공인으로서 사업자등록 후 가동(영업) 중인 기업
② 대표자 개인신용평점 NICE 710점 이상 또는 KCB 620점 이상
③ 임차료를 부담하고 있는 임차사업자 

3. 지원내용 : 이차보전율 1.5%p, 보증료율 0.8% 고정

4. 취급 금융회사 : 부산 지역 새마을금고",새마을금고,2026-06-17 01:28:20
세종,전체,세종신용보증재단,(일반보증) 일반보증,2023-05-02~상품소진시까지,"법인가능,보증료지원가능,은행APP신청,일반상품",1억원,"- 보증대상 : 세종특별자치시 소재 사업자등록 후 운영중인 중소기업 및 소상공인
- 심사자 배정 및 신용조회 후 고객에게 가장 유리한 상품 안내
- 신용평가(매출액, 업력, 대표자 신용평점, 자산 및 부채현황 등 심사)를 통해 보증(대출) 한도를 결정함.
- 단기간중복보증제한 : 6개월","기업은행,국민은행,농협은행,지역농축협,우리은행,전북은행,새마을금고,신협,하나은행,신한은행,케이뱅크,카카오뱅크,토스뱅크",2026-06-17 01:28:22
세종,전체,세종신용보증재단,(전환보증) 충남신용보증재단의 기보증부대출금 회수를 위한 전환보증,2023-05-02~상품소진시까지,"법인가능,정책자금연계가능,보증료지원가능",2억원,"- 보증대상 : 충남신용보증재단을 이용하고 있는 세종특별자치시 소재 중소기업·소상공인
- 대상채무 : 전환보증 대상채무는 충남신보 보증부채무 중 개별보증 방식의 운전자금에 한함(햇살론 보증 제외)
- 단기간중복보증제한 : 미적용","기업은행,국민은행,수협(은행),농협은행,지역농축협,우리은행,스탠다드차타드은행,전북은행,새마을금고,신협,하나은행,신한은행",2026-06-17 01:28:22
세종,전체,세종신용보증재단,(일반 대환) 소기업·소상공인 전환보증,2025-06-25~상품소진시까지,법인가능,0원,"- 기한연장이 불가능하거나, 대출금 원금 상환 부담으로 어려움을 겪는 소기업·소상공인에게  기보증잔액 범위 내에서 보증부대출을 상환하는 조건으로 신규보증서를 발급하는 상품입니다.
★ 이차보전 지원 등 정책자금 혜택이 종료되며, 대출금리는 은행 내규에 따라 결정됩니다.
★ 보증이용기간, 상환비율 등에 따라 보증료율이 오를 수 있습니다.
- 보증기한 30일 전까지 신청해 주셔야 원활한 진행이 가능합니다.
- 요청사항란에 대출(보증)만기일을 기재해 주시기 바랍니다.
- 전환보증 협약은행
   * 8개 시중은행(국민, 농협, 신한, 우리, 하나, 기업, SC제일, IM뱅크)
   * 5개 지방은행(부산, 광주 전북, 경남, 제주)
   * 2개 서민금융업권(신협, 농협)
   * 1개 인터넷전문은행(카카오뱅크)
- 미협약 금융회사는 기보증회수보증(상시)로 취급됩니다.
- 단기간중복보증제한 : 미적용","기업은행,국민은행,수협(은행),농협은행,우리은행,스탠다드차타드은행,새마을금고,신협,하나은행,신한은행,케이뱅크,카카오뱅크",2026-06-17 01:28:22
세종,전체,세종신용보증재단,(폐업자 대상 대환) 브릿지보증,2025-09-09~상품소진시까지,"보증료지원가능,재기지원특화",2억원,"- 지원대상 : 재단의 보증을 이용중이나 `20.4.~`25.6.중 사업을 영위한 사실이 있고, 개인신용평점이 하위 100분의 95에 해당하거나 연간소득이 8천만원 이하인 폐업한 자
- 보증금액 : 전차보증의 여신(주채무)잔액 범위 내
- 대출금리 : 금융채5년물 + 0.1%p(보증금액 1억원 이하 시) / CD(91일) + 1.6%p(보증금액 1억원 초과 시)
- 보증기간 : 15년 이내(2년 거치 13년 분할상환)
- 보증료율 : 전액 정부지원
- 단기간중복보증제한 : 미적용","기업은행,국민은행,수협(은행),농협은행,지역농축협,우리은행,스탠다드차타드은행,전북은행,새마을금고,신협,하나은행,신한은행,카카오뱅크",2026-06-17 01:28:22
울산,전체,울산신용보증재단,2026년 소상공인 비즈+ 카드보증(T1_비대면보증),2026-03-23~9999-12-31,일반상품,1천만원,"* 보증서 발급 이후 기업은행에서 연체·특수채권 보유 등 제한사항 심사하여, 카드발급이 거절될 수 있음.",기업은행,2026-06-17 01:28:24
인천,전체,인천신용보증재단,2026년 소상공인 비즈+ 카드보증(T1_비대면보증),2026-03-23~9999-12-31,일반상품,1천만원,"* 보증서 발급 이후 기업은행에서 연체·특수채권 보유 등 제한사항 심사하여, 카드발급이 거절될 수 있음.",기업은행,2026-06-17 01:28:27
인천,전체,인천신용보증재단,2026년 소상공인 밸류업 특별보증,2026-01-06~상품소진시까지,"정책자금연계가능,창업기업특화,일반상품",3천만원,"※ 재단 심사결과 또는 은행 내규에 따라 거절 될 수 있습니다.
※ 본 상품은 이차보전 보증상품이 아닙니다.","국민은행,케이뱅크,카카오뱅크",2026-06-17 01:28:27
인천,전체,인천신용보증재단,2025 케이뱅크 상생동행 특별출연 협약보증(Track1. 직접심사),2025-07-18~상품소진시까지,일반상품,3천만원,"※ 법인, 공동사업자, 외국인은 신청 불가합니다.
※ 재단 심사결과 또는 은행 내규에 따라 거절 될 수 있습니다.",케이뱅크,2026-06-17 01:28:27
인천,전체,인천신용보증재단,일반보증 또는 재단 추천상품(소진공 정책자금 대리대출 연계 가능),2025-01-13~상품소진시까지,"법인가능,정책자금연계가능,일반상품",3천만원,"※ 인터넷뱅킹(카카오뱅크, 케이뱅크, 토스뱅크)는 소진공 정책자금 대리대출 연계가 불가합니다.
※ 일반보증 또는 재단 추천상품 신청입니다.
※ 희망하시는 특정자금이 있으실 경우 요청사항에 작성 부탁드립니다.
※ 재단 심사결과 또는 은행 내규에 따라 거절 될 수 있습니다.

가. 일반보증
1. 지원대상 : 인천시 소재 소상공인, 중소기업
2. 보증한도 : 3천만원 이내(심사 결과에 따라 결정)
3. 보증기간 : 5년이내
4. 보증비율 : 85%
5. 보증료율 : 연 1%

나. 재단 추천상품
 - 재단직원이 신청하신 고객의 기본요건을 확인한 후에 보증 가능여부, 한도, 금리 등을 종합적으로 고려하여 보증상품을 추천합니다.","기업은행,국민은행,수협(은행),농협은행,우리은행,스탠다드차타드은행,아이엠뱅크(舊.대구은행),부산은행,광주은행,제주은행,전북은행,경남은행,하나은행,신한은행,카카오뱅크",2026-06-17 01:28:27
인천,전체,인천신용보증재단,2026 신한은행 포용금융 특별출연 협약보증,2026-05-18~상품소진시까지,"법인가능,정책자금연계가능,일반상품",3천만원,"※ 지원대상(아래 어느 하나에 해당하는 중소기업, 소상공인)
  1. 전자상거래업(업종코드 479)를 영위 중인 기업
  2. 중저신용(NICE 879~755점, KCB 874~670점)에 해당하는 기업
※ 본 상품은 09:00 ~ 16:00 신청가능합니다.
※ 재단 심사결과 또는 은행 내규에 따라 거절 될 수 있습니다.",신한은행,2026-06-17 01:28:27
인천,전체,인천신용보증재단,전환보증,2024-09-02~상품소진시까지,"법인가능,재기지원특화",0원,"기존에 재단의 보증을 이용중이신 분들 중 대출금의 원금(분할상환원금 포함) 상환 부담으로 어려움을 겪고 있는 소기업ㆍ소상공인에게 만기상환 구조 전환(상환기간 및 방식 변경)을 통한 경영안정을 지원
지원한도는 현재 재단에서 이용중인 보증 금액을 한도로 함(증액 불가)
은행은 기존 재단 보증부대출에 대해 본 전환보증으로 회수되는 기존 대출의 중도 상환수수료 면제

※ 상기 명시된 금융회사 외에 진행 불가
※ 금리변동(상승포함)할 수 있음
※ 신청 접수 후 5년이내 기간 중 상환방식을 정하셔야 합니다.
※ 은행 내규에 따라 거절 될 수 있습니다.
※ 재단 보증건이 없는 경우 반송 처리 됩니다.","기업은행,국민은행,농협은행,지역농축협,우리은행,스탠다드차타드은행,아이엠뱅크(舊.대구은행),부산은행,광주은행,제주은행,전북은행,경남은행,하나은행,신한은행,카카오뱅크",2026-06-17 01:28:27
인천,전체,인천신용보증재단,브릿지보증,2024-09-02~상품소진시까지,재기지원특화,0원,"본 보증은 재단의 보증을 이용 중, 폐업한 자에 대하여 시행하는 보증입니다. 
기존 사업자대출 보증을 개인신용대출 보증으로 전환하는 상품으로 기존 사업자대출 범위내에서 신청 가능합니다. 
기존 사업자보증 고객이 폐업할 경우에 신규 추가자금 지원해 주는 보증상품이 아닙니다.
2024년 9월 2일 부터 비대면 신청 가능합니다.
재단 보증건이 없는 경우 반송처리 됩니다.","기업은행,국민은행,수협(은행),농협은행,지역농축협,우리은행,스탠다드차타드은행,아이엠뱅크(舊.대구은행),부산은행,광주은행,제주은행,전북은행,경남은행,새마을금고,신협,상호저축은행,산림조합,하나은행,신한은행,카카오뱅크",2026-06-17 01:28:27
인천,전체,인천신용보증재단,(인천시) 전세피해 소상공인 취약계층 특례보증,2025-01-13~상품소진시까지,"법인가능,금리이차보전가능,일반상품",3천만원,"※ 인천광역시 전세사기 피해자 주거안정 지원사업을 지원받은 경우 본 특례보증 지원 불가
   (예시 : 전세피해 임차인 대출이자 지원, 전세피해 임차인 월세 한시 지원,
    전세피해 임차인 이사비 지원, 전세보증금 반환보증 보증료 지원, 긴급 생계비 지원)
※ 재단 심사결과 또는 은행 내규에 따라 거절 될 수 있습니다.

1. 지원대상 : 전세사기 피해자(주택도시보증공사의 전세피해확인서 발급이 가능한자) 중 인천에 사업장을 두고 영업중인 소상공인
2. 보증한도 : 최대 30백만원 이내(심사 결과에 따라 결정)
3. 이차보전 : 이차보전 연1.5% 3년간 지원(인천시)
4. 보증기간 : 5년(1년거치 4년 매월 원금균등분할상환)
5. 보증비율 : 100%
6. 보증료율 : 연0.5%
7. 시행기간 : 2023.5.8.~한도소진시까지",신한은행,2026-06-17 01:28:27
인천,전체,인천신용보증재단,(인천시) 지하도상가 활성화 특례보증,2025-01-13~상품소진시까지,"법인가능,금리이차보전가능,일반상품",3천만원,"※ 인천시내 지하도상가의 경영애로에 따른 소상공인을 보호하기 위한 자금 지원
※ 재단 심사결과 또는 은행 내규에 따라 거절 될 수 있습니다.

1. 지원대상 : 인천시가 관리하는 지하도상가내 사업장을 소재한 소상공인
2. 보증한도 : 최대 3천만원 이내(심사 결과에 따라 결정)
3. 이차보전 : 이차보전 연1.5% 3년간 지원(인천시)
4. 보증기간 : 아래 내용중 택일
   - 5년(1년거치 4년 매월 원금균등분할상환)
   - 5년(거치없이 매월 원금균등분할상환)
   - 4년(1년거치 3년 매월 원금균등분할상환)
5. 보증비율 : 100%
6. 보증료율 : 연0.8%
7. 시행기간 : 2022.6.20.~한도소진시까지",신한은행,2026-06-17 01:28:27
인천,전체,인천신용보증재단,(은행출연) 계양구 신한은행 희망이룸 협약보증,2025-01-13~상품소진시까지,"금리이차보전가능,일반상품",3천만원,"※ 본 상품은 사업장이 인천 계양구에 소재하는 사업자만 진행하실 수 있으니 유의하여 주시기 바랍니다.
※ 재단 심사결과 또는 은행 내규에 따라 거절 될 수 있습니다.

1. 지원대상 : 인천 계양구 소재 소기업, 소상공인
2. 보증한도 : 최대 3천만원이내(심사 결과에 따라 결정)
3. 이차보전 : 최초 1년간 2%~이자전액 지원 (계양구청 지원)
4. 보증기간 : 5년이내
5. 보증비율 : 100%(본건 3천만원 이하), 90%(본건 3천만원 초과)
6. 보증료율 : 연0.8~1%
7. 시행기간 : 2023.11.10.~한도소진시까지",신한은행,2026-06-17 01:28:27
전남,전체,전남신용보증재단,일반보증,2023-04-17~9999-12-31,"법인가능,정책자금연계가능,보증료지원가능,금리이차보전가능",7천만원,"일반보증으로 신청 후, 상담을 통해 고객님께 맞는 상품으로 진행됩니다.
※ 전라남도 소상공인 창업자금 및 경영안정자금, 소상공인시장진흥공단 소상공인 정책자금(대리대출) 신청은 별도로 선택하여 신청해주시기 바랍니다.","산업은행,기업은행,국민은행,수협(은행),농협은행,지역농축협,우리은행,스탠다드차타드은행,한국씨티은행,아이엠뱅크(舊.대구은행),부산은행,광주은행,제주은행,전북은행,경남은행,새마을금고,신협,상호저축은행,산림조합,하나은행,신한은행,케이뱅크,카카오뱅크",2026-06-17 01:28:29
전남,전체,전남신용보증재단,우아한 형제들·카카오뱅크 특별출연 협약보증,2026-04-17~상품소진시까지,"보증료지원가능,금리이차보전가능,일반상품",1억원,"(보증대상) 업력 6개월 이상이면서 1. 또는 2. 에 해당하는 소기업·소상공인
1. 음식점 및 주점업 영위 
2. 「전통시장 및 상점가 육성을 위한 특별법 」제2조 제1호에 의한 &#034;전통시장&#034;으로 중소벤처기업부와 소상공인시장진흥공단을 통해 온누리상품권 가맹점포로 등록
 
(자금연계)
전라남도 소상공인 육성자금(경영안정자금, 창업자금)에 한해서만 연계가능

(보증료지원)
카카오뱅크 : 보증료의 50%(최대 30만원)",카카오뱅크,2026-06-17 01:28:29
전남,전체,전남신용보증재단,소상공인 버팀목 마이너스통장 보증(자동심사),2026-04-17~9999-12-31,일반상품,2천만원,"유동성 부족에 어려움을 겪고 있는 개인사업자에게 2천만원까지 마이너스대출을 지원합니다.

(보증대상) 아래 조건 모두 충족 소상공인
1. 사업자등록 후 6개월 이상 개인사업자
2. NICE 755점 이상 또는 KCB 670점 이상
3. 연매출 12백만원 이상 또는 최근3개월 매출액 2백만원 이상

(보증제한) 
1. 법인 및 공동대표 개인사업자 불가
2. 타 재단 보증 이용 업체 불가
3. 비즈플러스 카드보증 이용 업체 불가
4. 전남재단에 기존 보유 보증 2건 이상 업체 불가
5. 현금서비스 4건 이상 또는 1천만원 초과 보유 업체 불가
6. 전남재단에서 신규보증을 받은 후 90일 이내인 업체 불가」

(보증료율 및 금리, 기간)
1. 보증료율 : 연 1.0%(고정)
2. 금리 : 카카오뱅크(CD(91일)+2.1%이내), 기타 은행(해당 은행에서 산출한 금리 적용)
3. 보증기간 : 1년(최대 5년까지 연장 가능)","기업은행,국민은행,농협은행,우리은행,광주은행,하나은행,신한은행,카카오뱅크",2026-06-17 01:28:29
전남,전체,전남신용보증재단,2026년 소상공인 비즈+ 카드보증(T1_비대면보증),2026-03-23~9999-12-31,일반상품,1천만원,"* 보증서 발급 이후 기업은행에서 연체·특수채권 보유 등 제한사항 심사하여, 카드발급이 거절될 수 있음.",기업은행,2026-06-17 01:28:29
전남,전체,전남신용보증재단,소상공인시장진흥공단 소상공인 정책자금(대리대출),2024-01-08~상품소진시까지,"법인가능,정책자금연계가능,보증료지원가능",1억원,소상공인시장진흥공단에서 &#039;신용보증서&#039;를 담보로 &#039;소상공인 정책자금 지원대상 확인서&#039;를 발급받은 고객 전용,"산업은행,기업은행,국민은행,수협(은행),농협은행,우리은행,스탠다드차타드은행,아이엠뱅크(舊.대구은행),부산은행,광주은행,제주은행,전북은행,경남은행,새마을금고,신협,산림조합,하나은행,신한은행",2026-06-17 01:28:29
전남,전체,전남신용보증재단,소상공인 희망채움기금 금융지원 협약보증,2026-04-20~상품소진시까지,"정책자금연계가능,보증료지원가능,은행APP신청",5천만원,★ 본 상품은 사업자등록증 상 주소지가 &#034;전라남도 영광군&#034; 인 경우에만 신청 가능합니다 ★,국민은행,2026-06-17 01:28:29
전남,전체,전남신용보증재단,브릿지보증,2025-10-23~상품소진시까지,"저신용자가능,재기지원특화",2억원,"재단의 보증을 이용 중이나 경기침체로 인해 폐업한자에 
대한 재기를 위한 금융지원을 목적으로 하는 상품입니다.
폐업한 소상공인에 한하여 기존 재단 보증서대출 상환유예를 원하실 때 신청하시면 됩니다.

※ &#039;25.7.1.이후 보증을 받은 고객은 이 상품으로 취급할 수 없습니다 ※
※ 카카오뱅크는 보증금액 1억원 초과시 취급불가합니다 ※","기업은행,국민은행,수협(은행),농협은행,우리은행,스탠다드차타드은행,아이엠뱅크(舊.대구은행),부산은행,광주은행,제주은행,전북은행,경남은행,하나은행,신한은행,카카오뱅크",2026-06-17 01:28:29
전북,전체,전북신용보증재단,"(비대면) 道 대환자금 - 민생회복 응급구조 119, 전주시 희망더드림 안심연장",2024-01-01~상품소진시까지,"법인가능,금리이차보전가능,저신용자가능",2억원,"[대환자금]

 재단의 기존 보증서를 대환 상품으로 영업점에 방문없이 업무처리가 가능합니다.
(고객님의 보증상품 이용현황은 [마이페이지] - [나의 보증 현황]을 통해 확인할 수 있습니다.)

1. 민생회복 응급구조 119 특례보증
- 지원요건 : 도내에서 사업장을 가동중이며, 재단 보증서를 1년 이상 이용중인 기존 보증 이용업체

2. 전주시 희망더드림 안심연장 특례보증
- 지원요건 : 전주시에서 사업장을 가동중이며, 아래 어느 하나에 해당하는 보증서를 1년 이상 이용중인 기존 보증 이용업체
가. 전주시 희망더드림 특례보증
나. 전주시 소상공인 특례보증

3. 코로나 피해 소상공인 분할상환 특례보증
- 지원요건 : `20.4 ~ `25.6월중 사업을 영위하고, 동기간 지역신보 보증부대출 이용기업

각 대환상품의 요건에 해당하신 고객님께서는 [대환자금]으로 보증을 신청하신 후에,
[보증상담신청정보] - [대환대출] 에 대환하고자하는 건을 선택하여 신청해주시면 됩니다.","기업은행,국민은행,농협은행,우리은행,전북은행,하나은행,신한은행",2026-06-17 01:28:31
전북,전체,전북신용보증재단,(비대면)정책자금 연계 일반보증(소상공인시장진흥공단 대리대출),2019-01-01~상품소진시까지,"법인가능,정책자금연계가능",7천만원,"[해당 상품은 비대면 보증상품입니다.(※ 단, 홈플러스 피해기업의 경우 대면상담 필수)]

* 참고사항 : 소상공인시장진흥공단 정책자금은 보증신청 후 재단에 방문하시지 않으셔도 됩니다.
 
1) 지원대상 : 소상공인시장진흥공단의 정책자금을 배정받은 소기업 등
2) 보증기간 : 연계하는 정책자금의 대출기간에 따름

* 필수서류 : 소상공인시장진흥공단에서 발급한 정책자금확인서 필수
* 보증심사에 따라 보증한도가 조정될 수 있사오니 참고해주시기 바랍니다.","산업은행,기업은행,국민은행,수협(은행),농협은행,지역농축협,우리은행,스탠다드차타드은행,아이엠뱅크(舊.대구은행),부산은행,광주은행,제주은행,전북은행,경남은행,새마을금고,신협,산림조합,하나은행,신한은행",2026-06-17 01:28:31
전북,전체,전북신용보증재단,2026년 소상공인 비즈+ 카드보증(T1_비대면보증),2026-03-23~9999-12-31,일반상품,1천만원,"* 보증서 발급 이후 기업은행에서 연체·특수채권 보유 등 제한사항 심사하여, 카드발급이 거절될 수 있음.",기업은행,2026-06-17 01:28:31
전북,전체,전북신용보증재단,소상공인 희망채움기금 금융지원 협약보증,2026-04-20~상품소진시까지,"정책자금연계가능,보증료지원가능,은행APP신청",5천만원,,국민은행,2026-06-17 01:28:31
제주,전체,제주신용보증재단,「희망 One-Stop 특별보증」,2026-04-14~9999-12-31,일반상품,1천만원,대표자 개인신용평점 755점 이상인 기업 대상 1천만원 보증지원,제주은행,2026-06-17 01:28:33
제주,전체,제주신용보증재단,소상공인 위기극복 특별보증(Track1. 자동심사-하나),2026-04-29~9999-12-31,일반상품,3천만원,대표자 개인신용평점 755점 이상인 기업 대상 최대 3천만원 보증지원,하나은행,2026-06-17 01:28:33
제주,전체,제주신용보증재단,소상공인 위기극복 특별보증(Track1. 자동심사-국민),2026-04-29~9999-12-31,일반상품,3천만원,대표자 개인신용평점 755점 이상인 기업 대상 최대 3천만원 보증지원,국민은행,2026-06-17 01:28:33
제주,전체,제주신용보증재단,소상공인 위기극복 특별보증(Track1. 자동심사-신한),2026-04-29~9999-12-31,일반상품,3천만원,대표자 개인신용평점 755점 이상인 기업 대상 최대 3천만원 보증지원,신한은행,2026-06-17 01:28:33
제주,전체,제주신용보증재단,소상공인 위기극복 특별보증(Track1. 자동심사-우리),2026-04-29~9999-12-31,일반상품,3천만원,대표자 개인신용평점 755점 이상인 기업 대상 최대 3천만원 보증지원,우리은행,2026-06-17 01:28:33
제주,전체,제주신용보증재단,소상공인 위기극복 특별보증(Track1. 자동심사-기업),2026-04-30~9999-12-31,일반상품,3천만원,대표자 개인신용평점 755점 이상인 기업 대상 최대 3천만원 보증지원,기업은행,2026-06-17 01:28:33
제주,전체,제주신용보증재단,2026년 소상공인 비즈+ 카드보증(T1_비대면보증),2026-03-23~9999-12-31,일반상품,1천만원,"* 보증서 발급 이후 기업은행에서 연체·특수채권 보유 등 제한사항 심사하여, 카드발급이 거절될 수 있음.",기업은행,2026-06-17 01:28:33
제주,전체,제주신용보증재단,2026 제주 소상공인 3플러스 희망드림카드 특별보증(자동심사),2026-05-29~9999-12-31,일반상품,1천만원,"* 본 보증은 기업구매 전용카드 보증으로 보증서 발급 이후 기업은행에서 연체·특수채권 보유 등 제한사항 심사하여, 카드발급이 거절될 수 있음.",기업은행,2026-06-17 01:28:33
제주,전체,제주신용보증재단,대환보증(기존 보증서 이용 고객중 추천서 미발급등으로 연장이 불가한 업체등 대환이 필요한 경우),2026-01-01~9999-12-31,일반상품,0원,추천서 미발급으로 연장이 불가한 업체 등 기존 보증서 이용 고객에 한하여 대환이 필요한 경우,금융기관 없음,2026-06-17 01:28:33
제주,전체,제주신용보증재단,브릿지보증(폐업사업자 전용 가계대출 전환),2026-04-29~9999-12-31,일반상품,8억원,,금융기관 없음,2026-06-17 01:28:33
충남,전체,충남신용보증재단,2026년 소상공인 비즈+ 카드보증(T1_비대면보증),2026-03-23~9999-12-31,일반상품,1천만원,"* 보증서 발급 이후 기업은행에서 연체·특수채권 보유 등 제한사항 심사하여, 카드발급이 거절될 수 있음.",기업은행,2026-06-17 01:28:36
충남,전체,충남신용보증재단,[카카오뱅크 전용] 신규고객 이자캐시백 카카오뱅크 협약보증,2026-01-01~2026-12-31,"정책자금연계가능,보증료지원가능,금리이차보전가능",1억원,,카카오뱅크,2026-06-17 01:28:36
충남,전체,충남신용보증재단,[힘쎈충남금융지원센터] 2026년도 충청남도 소상공인자금,2026-01-05~2026-12-31,"법인가능,금리이차보전가능",1억 5천만원,"소상공인자금 : 업체당 5천만원 이내 지원, 대출일로부터 2년간 연 1.5% 이자보전
소상공인자금(한도우대) : 업체당 1.5억원 이내 지원, 대출일로부터 1년간 연 1.5% 이자보전","기업은행,국민은행,농협은행,지역농축협,우리은행,스탠다드차타드은행,아이엠뱅크(舊.대구은행),새마을금고,신협,하나은행,신한은행,카카오뱅크",2026-06-17 01:28:36
충남,전체,충남신용보증재단,"(천안시) IM뱅크(구 대구은행) 협약보증 (한도, 금리 및 보증료 우대)",2026-01-07~상품소진시까지,"법인가능,정책자금연계가능,금리이차보전가능",8억원,천안시 중소기업 및 소상공인만 신청해주세요.,아이엠뱅크(舊.대구은행),2026-06-17 01:28:36
충남,전체,충남신용보증재단,중소벤처기업부 소상공인자금(소상공인시장진흥공단 추천),2025-01-02~상품소진시까지,"법인가능,정책자금연계가능",7천만원,소상공인시장진흥공단의 지원대상확인서 발급고객에 대해 지원합니다.,"기업은행,국민은행,농협은행,우리은행,스탠다드차타드은행,아이엠뱅크(舊.대구은행),새마을금고,하나은행,신한은행",2026-06-17 01:28:36
충남,전체,충남신용보증재단,대환대출(기보증회수보증),2024-01-02~상품소진시까지,"법인가능,보증료지원가능,저신용자가능,일반상품",0원,"(대상보증)충남신용보증재단에서 발급한 보증부대출
-분할상환을 일시상환으로 전환
-일시상환을 분할상환으로 전환","기업은행,국민은행,수협(은행),농협은행,지역농축협,우리은행,스탠다드차타드은행,전북은행,새마을금고,신협,상호저축은행,하나은행,신한은행",2026-06-17 01:28:36
충남,전체,충남신용보증재단,일반자금,2024-01-02~상품소진시까지,"법인가능,정책자금연계가능,보증료지원가능,일반상품",1억원,"일반상품으로 신청한 후, 상담을 거쳐 고객에 맞는 상품으로 진행합니다.","산업은행,기업은행,국민은행,수협(은행),농협은행,지역농축협,우리은행,스탠다드차타드은행,새마을금고,신협,상호저축은행,하나은행,신한은행",2026-06-17 01:28:36
충남,전체,충남신용보증재단,(자동심사)2026년 충청남도 소상공인 특례보증(시군특례),2026-01-26~9999-12-31,일반상품,5천만원,"-지원대상 : 충청남도에서 사업을 영위중인 소상공인
-지원한도 : 5천만원 이내(청양군, 홍성군 3천만원 이내)
-보증기간 : 2년 일시상환
-대출금리 : 2.9% 이내(충청남도 2년간 1.5% 이자보전) *26년 1월 기준
-보증료율 : 연 0.9% 이내","기업은행,국민은행,농협은행,지역농축협,우리은행,스탠다드차타드은행,아이엠뱅크(舊.대구은행),새마을금고,신협,하나은행,신한은행,카카오뱅크",2026-06-17 01:28:36
충남,전체,충남신용보증재단,재해중소기업 특례보증,2025-07-24~2026-12-31,"법인가능,정책자금연계가능,금리이차보전가능",3억원,"◇ 지원대상 : 재해로 인해 피해받은 중소기업·소상공인 중, 각 지자체에서 발급한 &#039;재해중소기업 확인증&#039; 발급 기업
◇ 주요내용
(중기부) 정부자금 : 최대 1억원, 5년간 고정금리 2%
(충청남도) 소상공인자금
 - 당진전통시장, 서산동부시장, 태안서부시장 호우피해 상인 : 최대 3억원, 충청남도 소상공인자금 연계시 1년간 변동금리 1.52%
 - 충청남도 호우피해 기업 : 최대 1억원, 충청남도 소상공인자금 연계시 1년간 변동금리 2.72%
(일반자금) 최대 3억원, 6월 말 기준 변동금리 4.42%","기업은행,국민은행,농협은행,지역농축협,우리은행,스탠다드차타드은행,아이엠뱅크(舊.대구은행),새마을금고,신협,하나은행,신한은행,카카오뱅크",2026-06-17 01:28:36
충남,전체,충남신용보증재단,재도전지원 특례보증,2026-01-05~상품소진시까지,"법인가능,정책자금연계가능,금리이차보전가능",5천만원,"(보증대상) 충남재단의 오프라인 교육을 수료한 자로써, 재단의 대위변제기업 또는 법적채무 종결기업, 관리종결기업, 채권매각기업 등 실패경험이 있으나 재도전 의지와 능력을 갖춘 성실기업
(보증한도) 본건 5천만원 이내","기업은행,국민은행,농협은행,우리은행,하나은행,신한은행",2026-06-17 01:28:36
충남,전체,충남신용보증재단,2026년 성공드림 특화보증,2026-04-03~상품소진시까지,"법인가능,정책자금연계가능,금리이차보전가능,저신용자가능,창업기업특화",2억원,"* 지원대상 
- Track 1(위기극복) : 외식업종 위기극복 패키지 참여 기업 중 교육 컨설팅을 수료한 자
- Track 2(위기대응) : 중동지역 긴급 위기대응 패키지 참여 기업 중 교육 컨설팅을 수료한 자
- Track 3(로컬창업) : 2026년 충남 로컬창업 경진대회에서 예비창업가로서 선발된 기업
- Track 4(로컬초기창업) : 2026년 충남 로컬창업 경진대회에서 초기창업가로서 선발된 기업
- Track 5(청년도전) : 2026년 충남 청년 창업/창직 지원사업 도전패키지 선발기업
- Track 6(청년성장) : 2026년 충남 청년 창업/창직 지원사업 성장패키지 선발기업
 (참고) Track 간 중복지원 불가

* 보증한도
- Track 1, 4 : 본건 5천만원 이내
- Track 2, 3, 5 : 본건 1억원 이내
- Track 6 : 본건 2억원 이내

* 보증기간 및 상환방식 : 7년 이내, 일시 또는 분할상환","기업은행,국민은행,농협은행,지역농축협,우리은행,스탠다드차타드은행,아이엠뱅크(舊.대구은행),새마을금고,신협,하나은행,신한은행,케이뱅크,카카오뱅크",2026-06-17 01:28:36
충남,전체,충남신용보증재단,식품접객업소 민관금융지원 협약보증,2026-04-29~상품소진시까지,일반상품,5천만원,일회용품 사용을 근절한 업장에 보증 지원,농협은행,2026-06-17 01:28:36
충북,전체,충북신용보증재단,&#034;청주시 봉명동 가스폭발사고&#034;관련 재해중소기업 특례보증 → [재해중소기업(소상공인) 확인증] 발급기업,2026-04-27~상품소진시까지,"법인가능,정책자금연계가능",3억원,"26.04.13. 청주시 봉명동 가스폭발사고로 인한 피해 발생 소상공인 등의 신속한 경영안정 금융지원을 위한 상품입니다.

*재해중소기업(소상공인) 확인증을 발급/제출하여 주시기 바랍니다(청주시청 경제일자리과 : 043-201-1042)

[대출금리] 연2% 고정금리
[대출기간] 5년 이내(2년거치 3년 분할상환)","산업은행,기업은행,국민은행,수협(은행),농협은행,우리은행,스탠다드차타드은행,아이엠뱅크(舊.대구은행),부산은행,광주은행,제주은행,전북은행,경남은행,새마을금고,신협,산림조합,하나은행,신한은행",2026-06-17 01:28:38
충북,전체,충북신용보증재단,2026년 소상공인 비즈+ 카드보증(T1_비대면보증),2026-03-23~9999-12-31,일반상품,1천만원,"* 보증서 발급 이후 기업은행에서 연체·특수채권 보유 등 제한사항 심사하여, 카드발급이 거절될 수 있음.",기업은행,2026-06-17 01:28:38
충북,전체,충북신용보증재단,소상공인시장진흥공단 정책자금(대리대출) *소진공 정책자금 지원대상 확인서 수령기업 대상,2025-01-02~상품소진시까지,"법인가능,일반상품",7천만원,"소상공인시장진흥공단에서 &#039;정책자금 지원대상 확인서&#039;를 발급하신 고객 대상 전용 상품입니다.
※ 보증신청 시, 요청사항에 정책자금 발급번호를 입력해 주시기 바랍니다.
※ 정책자금 지원대상자가 아닌 경우 보증신청이 거절될 수 있습니다.
※ 소상공인정책자금신청 : https://ols.semas.or.kr
   - 정책자금 지원대상 확인서을 발급받지 않은 경우 위 소상공인정책자금 신청 홈페이지를 방문하여 정책자금 신청 및 확인서 발급 후 신청하여 주시기 바랍니다.

※화물 운수업 및 건설장비운영업 대표님은 차량(건설기계)번호를 기재하여 주시기 바랍니다
(예시 : 123차1234)","기업은행,국민은행,수협(은행),농협은행,우리은행,스탠다드차타드은행,아이엠뱅크(舊.대구은행),새마을금고,신협,하나은행,신한은행",2026-06-17 01:28:38
충북,전체,충북신용보증재단,사장님 마음행복 안심통장(자동심사),2026-01-05~상품소진시까지,일반상품,1천만원,"[지원대상] 업력1년 초과, NICE신용평점 840점 이상, 최근 3개월 매출액 합계 2백만원 이상인 중소기업ㆍ소상공인(법인 제외)
[대출기간] 1년 일시상환 (최대 5년까지 1년 단위 기한연장 가능)
[기타사항] 정책자금(도자금, 시자금 등) 연계지원 불가",카카오뱅크,2026-06-17 01:28:38
충북,전체,충북신용보증재단,"일반보증(일반자금, 이차보전없음)",2026-01-02~상품소진시까지,"법인가능,정책자금연계가능,일반상품",1억원,"일반보증으로 신청하시면 재단 담당자가 고객에게 적합한 자금 또는 상품으로 심사를 진행합니다.

※화물 운수업 및 건설장비운영업 대표님은 차량(건설기계)번호를 기재하여 주시기 바랍니다
(예시 : 123차1234)","기업은행,국민은행,수협(은행),농협은행,우리은행,스탠다드차타드은행,아이엠뱅크(舊.대구은행),새마을금고,신협,하나은행,신한은행,케이뱅크,카카오뱅크,토스뱅크",2026-06-17 01:28:38
충북,전체,충북신용보증재단,"소기업 · 소상공인 전환보증 (기존 보증부대출 대환상품, 이차보전없음)",2024-07-31~상품소진시까지,"법인가능,일반상품",1억원,"※ 기한연장이 불가능하거나, 대출금 원금 상환 부담으로 어려움을 겪는 소기업·소상공인에게  기보증잔액 범위 내에서 보증부대출을 상환하는 조건으로 신규보증서를 발급하는 상품입니다.
★ 이차보전 지원 등 정책자금 혜택이 종료되며, 대출금리는 은행 내규에 따라 결정됩니다.
★ 보증이용기간, 상환비율 등에 따라 보증료율이 오를 수 있습니다.
※ 보증기한 20일 전까지 신청해 주셔야 원활한 진행이 가능합니다.
※ 요청사항란에 대출(보증)만기일을 기재해 주시기 바랍니다.
※ 전환보증 협약은행
 - 8개 시중은행: 국민·농협·신한·우리·하나·기업·SC제일·IM뱅크
※미협약 금융회사는 기보증회수보증(상시)로 취급됩니다.
※기존 이용금액 이내에서 취급되므로, 희망금액은 미작성 또는 &#039;0원&#039;으로 입력하여 주시기 바랍니다.

※화물 운수업 및 건설장비운영업 대표님은 차량(건설기계)번호를 기재하여 주시기 바랍니다
(예시 : 123차1234)","기업은행,국민은행,수협(은행),농협은행,우리은행,스탠다드차타드은행,아이엠뱅크(舊.대구은행),새마을금고,신협,하나은행,신한은행,카카오뱅크,토스뱅크",2026-06-17 01:28:38
충북,전체,충북신용보증재단,"브릿지보증 (폐업자 대상 기존 보증부대출 대환상품, 이차보전없음)",2021-07-19~상품소진시까지,일반상품,1억원,"※ 폐업자를 대상으로 기한연장이 불가능하거나, 대출금 원금 상환 부담으로 어려움을 느끼는 분들에게 기보증잔액 범위 내에서 보증부대출을 상환하는 조건으로 신규보증서를 발급하는 상품입니다.
※ 신청 대상(아래 어느 하나에 해당)
 ①개인신용평점이 하위 100분의95에 해당하는 자
 ②국세청이 발급한 &#039;소득금액증명원&#039;상 직전년도 소득이 8천만원 이하이거나, 국세청이 발급한 &#039;사실증명&#039;상 직전년도 소득발생사실이 없는 자
※ 이차보전 지원 등 정책자금 혜택이 종료되며, 대출금리는 은행 내규에 따라 결정됩니다.
※ 보증기한 20일 전까지 신청해 주셔야 원활한 진행이 가능합니다.
※ 요청사항란에 대출(보증)만기일을 기재해 주시기 바랍니다.
※기존 이용금액 이내에서 취급되므로, 희망금액은 미작성 또는 &#039;0원&#039;으로 입력하여 주시기 바랍니다.

※화물 운수업 및 건설장비운영업 대표님은 차량(건설기계)번호를 기재하여 주시기 바랍니다
(예시 : 123차1234)","산업은행,기업은행,국민은행,수협(은행),농협은행,지역농축협,우리은행,스탠다드차타드은행,아이엠뱅크(舊.대구은행),부산은행,광주은행,제주은행,전북은행,경남은행,새마을금고,신협,산림조합,하나은행,신한은행,카카오뱅크",2026-06-17 01:28:38
경기,전체,경기신용보증재단,경기 소상공인 힘내GO 카드 보증,~한도 소진시,소상공인등,1천만원,"경기도 내 사업을 영위중인 소상공인(신용점수 595점 이상)
- 단, ‘법인기업’ 및 ‘공동대표인 개인사업자’는 지원대상에서 제외
(연체, 세금체납, 신용도판단정보 등 기본요건에 저촉되는 경우 이용이 제한될 수 있음)
- 신청금액을 포함하여 현재 보증기관 이용잔액이 1억원을 초과하는 경우 이용불가
(보증기관 : 신용보증기금, 기술보증기금, 지역신용보증재단)

[보증기간] 재단 문의

[상환방법] 원금균등/분할

[적용금리] 협약금리

[우대사항] 보증료 감면 등

[상세링크] https://www.koreg.or.kr/haedream/gu/gurt/selectGurtList.do?mi=1124&gurtId=282",협약 금융회사,2026-06-17
서울,전체,서울신용보증재단,서울형 중·저신용자 지원 특별보증,~한도 소진시까지,"소상공인등

 , 
 저신용·취약계층",3천만원,"서울시 소재 소기업 및 소상공인 중 아래 요건을 모두 충족하는 기업
① 업력 6개월 이상 개인사업자
② 대표자 개인신용평점 839점(구 4등급) 이하
※보증상대처 : 인터넷전문은행(카카오뱅크, 케이뱅크, 토스뱅크)

[보증기간] 재단 문의

[상환방법] 원금균등/분할

[적용금리] 협약금리

[우대사항] 보증료 감면 등

[상세링크] https://www.koreg.or.kr/haedream/gu/gurt/selectGurtList.do?mi=1124&gurtId=242",협약 금융회사,2026-06-17
서울,전체,서울신용보증재단,미래 유망기업 성장지원 보증,상시 운영,소상공인등,8억원,"서울시 소재 업력 6개월 이상의 중소기업 및 소상공인으로, 아래 요건 중 한 가지 이상 해당하는 기업
1) 서울형 산업 영위 기업 : 패션, 디자인, 소프트웨어 등
2) 지식서비스 산업 영위 기업 : 과학기술 서비스업, 영상제작업 등
3) 지식기반 제조업 영위 기업 : 신소재, 정밀기기 제조업 등
4) 미래 유망기업(정부인증기업) : 디자인혁신유망기업, 벤처기업 등
5) 중소벤처기업부 지정 수출유망중소기업 및 수출두드림기업
6) 지식재산(특허권, 실용신안권) 보유 및 사업화 기업
7) 정부(지방자치단체 포함) 과제 수행 기업

[보증기간] 재단 문의

[상환방법] 원금균등/분할

[적용금리] 협약금리

[우대사항] 보증료 감면 등

[상세링크] https://www.koreg.or.kr/haedream/gu/gurt/selectGurtList.do?mi=1124&gurtId=241",협약 금융회사,2026-06-17
경기,전체,경기신용보증재단,중·저신용 소상공인 부채 상환연장 특례보증,~한도 소진시까지,"소상공인등

 , 
 저신용·취약계층",1억원,"접수일 현재 재단 보증서를 이용중인 경기도 소재 중·저신용(NICE개인신용평점 839점 이하) 소상공인
- 단, 아래 중 어느 하나에 해당하는 경우 지원대상 제외
① 보증부실(부실유보 포함) 상태인 기업
② 새출발기금 중개형 채무조정 신청 또는 확정된 기업 (단, 새출발기금 중개형 채무조정에 포함되지 않은 보증건에 대해서는 지원가능)
③ 휴·폐업 중인 기업
※ 아래 대출은행에 해당하지 않는 은행의 재단 보증부 대출도 본 상품 이용가능하나, 본 상품 이용 시 아래 7개 대출은행으로 은행 변경하여 진행 필요

[보증기간] 재단 문의

[상환방법] 원금균등/분할

[적용금리] 협약금리

[우대사항] 보증료 감면 등

[상세링크] https://www.koreg.or.kr/haedream/gu/gurt/selectGurtList.do?mi=1124&gurtId=239",협약 금융회사,2026-06-17
경기,전체,경기신용보증재단,균형발전 기회UP 특례보증,~한도 소진시까지,소상공인등,8억원,"경기도 내 사업을 영위 중인 중소기업(음식숙박업, 소매업, 건설업 제외)
시군별 전략산업 영위기업, 경기북부 소재 기업 등에 해당되고 시군자금, 도자금, C2자금 중 어느 하나와 연계되는 기업

[보증기간] 재단 문의

[상환방법] 원금균등/분할

[적용금리] 협약금리

[우대사항] 보증료 감면 등

[상세링크] https://www.koreg.or.kr/haedream/gu/gurt/selectGurtList.do?mi=1124&gurtId=236",협약 금융회사,2026-06-17
경기,전체,경기신용보증재단,경기도 중소기업 기후위기 대응 특별보증,~한도 소진시까지,소상공인등,,"(일반지원) 태양광 기업/에너지 효율화 기업/일회용품 대체제 제조기업/기후테크 육성기업
(특별지원) 경기RE100 적극 참여기업

[보증기간] 재단 문의

[상환방법] 원금균등/분할

[적용금리] 협약금리

[우대사항] 보증료 감면 등

[상세링크] https://www.koreg.or.kr/haedream/gu/gurt/selectGurtList.do?mi=1124&gurtId=235",협약 금융회사,2026-06-17
서울,전체,서울신용보증재단,일반 보증,상시 운영,소상공인등,8억원,"일반 보증

[보증기간] 재단 문의

[상환방법] 원금균등/분할

[적용금리] 협약금리

[우대사항] 보증료 감면 등

[상세링크] https://www.koreg.or.kr/haedream/gu/gurt/selectGurtList.do?mi=1124&gurtId=84",협약 금융회사,2026-06-17
서울,전체,서울신용보증재단,일자리 창출 및 고용안정 우수기업 특별보증,상시 운영,소상공인등,8억원,"접수일 현재 사업자 등록 후 3개월이 경과된 서울시 소재 소기업·소상공인 등으로, 다음에 해당하는 기업
가. 일자리 창출기업 : 아래의 요건 중 어느 하나에 해당하는 기업
(1) 신용보증 접수일 기준 직전 분기말, 직전년도 말 또는 직전년도 응당월 대비, 상시근로자수 증가한 기업
(2) 「고령자고용촉진법」에 의한 기준고용률을 3개월 이상 준수한 기업
※ 고령자는 만 55세 이상인 자임
(3) 「장애인고용촉진 및 직업재활법」에 의한 의무고용률을 3개월 이상 준수한 기업 
(4) “Hi-Seoul 공동브랜드사업” 참여 기업
(5) 여성가장 또는 한부모가정(부 또는 모)을 3개월이상 고용하고 있는 기업
(6) 일자리 우수 ‘서울형 강소기업’ 인증기업
나. 고용안정 우수기업 : 아래의 요건 중 어느 하나에 해당하는 기업
(1) 고용 효과가 높은 고성장(가젤형) 기업
(2) 청년 및 경력단절여성 고용기업
(3) 여성고용 우수기업
(4) 정규직 비중이 50%이상인 고용구조 우수기업
(5) 생활임금 적용기업
다. 일자리 성과창출기업 : 아래의 요건을 모두 충족하는 기업
⑴ 본 취급기준에 의해 신용보증(이하 “1차년도 보증”이라 한다) 지원받고 1년 경과한 기업이 1차년도 보증 실행일 기준 만 3년 이내 추가(증액) 보증 신청하고,
⑵ 신청일 기준 전기 대비 당기 매출액이 감소하지 아니한 기업으로서
* 2차년도 신청 없이 3차년도에 신청한 경우 신청일 기준 최근 2년간 매출액이 감소하지 아니한 기업
⑶ 이전 연도 보증 접수일(최근월) 대비 추가(증액)보증 접수일(최근월) 기준 상시근로자수 증가*한 기업
* 2차년도 신청 없이 3차년도에 신청한 경우 최소 2인 이상 증가

[보증기간] 재단 문의

[상환방법] 원금균등/분할

[적용금리] 협약금리

[우대사항] 보증료 감면 등

[상세링크] https://www.koreg.or.kr/haedream/gu/gurt/selectGurtList.do?mi=1124&gurtId=82",협약 금융회사,2026-06-17
서울,전체,서울신용보증재단,창업자금 및 사업장임차자금 특별보증,상시 운영,"소상공인등

 , 
 창업",7천만원,"다음의 요건을 모두 충족하는 서울시 소재 소상공인
① 신용보증 신청 접수일 현재 창업
주1)
한 날로부터 1년
주2,3)
이내이고,
② 사업장을 자가 구입 또는 임대차계약 완료 후 보증금 완납하고,
③ 창업교육
주4)
을 이수한 날로부터 18개월 이내 보증신청한 자
주1) 창업 : 「중소기업창업 지원법」에 의하여 사업체를 새로이 설립하는 것을 의미
주2) 개인기업은 사업자등록증상(사업자등록증명상 포함) 개업연월일, 법인기업은 법인등기사항증명서상 성립연월일부터 신용보증신청 접수일까지 기간으로 산정
주3) 보증신청기업이 업종전환 또는 사업장 이전으로 인해 경영개선이 필요한 경우, 전환 또는 이전 후 사업자등록증 발급일을 창업한 날로 인정 가능
주4) 창업교육 : 창업교육 이수자 인정범위에서 정한 일반교육 또는 심화교육

[보증기간] 재단 문의

[상환방법] 원금균등/분할

[적용금리] 협약금리

[우대사항] 보증료 감면 등

[상세링크] https://www.koreg.or.kr/haedream/gu/gurt/selectGurtList.do?mi=1124&gurtId=81",협약 금융회사,2026-06-17
서울,전체,서울신용보증재단,서울시 안심동행 지원 특별보증,~ 한도 소진시까지,소상공인등,,"서울시 소재 중소기업 및 소상공인 중 아래 요건을 모두 충족하는 기업
① 업력 3개월 이상
② 대표자 개인신용평점 595점(구 7등급) 이상인 기업

[보증기간] 재단 문의

[상환방법] 원금균등/분할

[적용금리] 협약금리

[우대사항] 보증료 감면 등

[상세링크] https://www.koreg.or.kr/haedream/gu/gurt/selectGurtList.do?mi=1124&gurtId=80",협약 금융회사,2026-06-17
경기,전체,경기신용보증재단,경기도 사회적기업 특례보증,~ 한도 소진시까지,"소상공인등

 , 
 ESG",5억원,"아래에 해당하는 도내 사회적경제기업으로 인증받은 기업
- 사회적기업, 예비사회적기업(영리사업자만 가능), 협동조합(연합회), 사회적협동조합(연합회), 소비자협동조합(연합회, 전국연합회), 마을기업(영리사업자만 가능), 예비마을기업(영리사업자만 가능), 자활기업(영리사업자만 가능), 소셜벤처기업(영리사업자만 가능), 장애인 표준사업장 운영 기업(영리사업자만 가능), 장애인 직업재활시설 운영기업(영리사업자만 가능)

[보증기간] 재단 문의

[상환방법] 원금균등/분할

[적용금리] 협약금리

[우대사항] 보증료 감면 등

[상세링크] https://www.koreg.or.kr/haedream/gu/gurt/selectGurtList.do?mi=1124&gurtId=29",협약 금융회사,2026-06-17
경기,전체,경기신용보증재단,콘텐츠기업 특례보증,~ 한도 소진시까지,"소상공인등

 , 
 문화·관광",5억원,"사업장이 고양시, 광명시, 광주시, 구리시, 군포시, 김포시, 남양주시, 부천시, 성남시, 수원시, 시흥시, 안산시, 안양시, 양평군, 여주시, 연천군, 용인시, 의왕시, 의정부시, 이천시, 파주시, 평택시, 포천시, 하남시, 화성시 등 25개 시군에 위치한 콘텐츠기업
- 콘텐츠기업 : 출판산업, 음악·영화비디오·애니메이션산업·방송산업, 게임산업, 광고산업, 캐릭터산업, 정보서비스산업 등에 종사하는 기업

[보증기간] 재단 문의

[상환방법] 원금균등/분할

[적용금리] 협약금리

[우대사항] 보증료 감면 등

[상세링크] https://www.koreg.or.kr/haedream/gu/gurt/selectGurtList.do?mi=1124&gurtId=23",협약 금융회사,2026-06-17
경기,전체,경기신용보증재단,한국은행 경기본부 중소기업 지원자금 연계보증,~ 한도 소진시까지,소상공인등,8억원,"경기도내(부천시,김포시 제외) 본점 또는 사업장이 소재하며 아래 요건을 충족하는 중소기업 및 소상공인
중소기업 : 기업신용평가 B등급 이상
소상공인 : 대표 개인신용평점 745점 이상 또는 소상공인평가등급 B등급 이상

[보증기간] 재단 문의

[상환방법] 원금균등/분할

[적용금리] 협약금리

[우대사항] 보증료 감면 등

[상세링크] https://www.koreg.or.kr/haedream/gu/gurt/selectGurtList.do?mi=1124&gurtId=22",협약 금융회사,2026-06-17
