시행상태,지역,지원기관,공고명,신청가능일,지원대상,사업개요,최대지원한도,보증기간,상환방법,적용금리,우대사항,상세링크,출처,수집일
시행중,전국,17개 신용보증재단(대표번호 1588-7365),코로나피해 소상공인 분할상환 특례보증,2025.7.30 ~ 한도소진 시까지,소상공인등,"코로나피해 소상공인의 기존대출의 상환부담 완화를 위해 장기저리의 분할상환 보증부대출 전환 상품
지원대상 : '20.4.~'25.6월 중 사업을 영위하고, 동기간 지역신보 보증부대출 이용기업으로 아래 사항 중 어느 하나에 해당하는 기업
1) '20~'23년 중 연도말 매출액 대비 '24년말 매출액 감소한 기업
2) '20~'23년 중 발생한 채무 2건 이상 보유기업
3) 접수일 기준 중저신용자(NICE 기준 839점 이하)인 기업
4) 접수일 기준 최근 1년 이내 신용평점 100점 이상 하락한 기업
보증제한기업
1) 휴업 또는 폐업한 기업
2)현재 연체중인 기업
3)신용도 판단정보 보유기업 및 공공정보 중 체납정보 보유기업
4)보증신청인의 자가사업장 또는 자가주택에 대한 권리침해가 있는 기업
5)신용보증 대위변제 관계자(신보,기보 포함)
6)심사기준일 현재 국세 및 지방세 체납액 보유 기업",1억원,재단 문의,원금균등/분할,협약금리,보증료 감면 등,https://www.koreg.or.kr/haedream/gu/gurt/selectGurtList.do?mi=1124&gurtId=281,KOREG Official,2026-06-19
시행중,전국,17개 신용보증재단(대표번호 1588-7365),소상공인 비즈플러스 카드보증,2026.3.23 ~한도 소진시까지,"소상공인등

 , 
 저신용·취약계층","업력 6개월 이상의 중저신용(개인신용평점 595점 ~ 964점) 소기업 소상공인 중 매출요건을 만족하는 개인사업자를 대상으로
최대 1천만원 한도의 신용카드를 발급 지원합니다.
* 매출 요건 : 연매출 12백만원 또는 최근 2개월 매출액 2백만원 이상",1천만원,재단 문의,원금균등/분할,협약금리,보증료 감면 등,https://www.koreg.or.kr/haedream/gu/gurt/selectGurtList.do?mi=1124&gurtId=276,KOREG Official,2026-06-19
시행중,전국,17개 신용보증재단(대표번호 1588-7365),미래성과연동 특례보증,2025.2.24 ~ 보증 한도 시까지,"성장

 , 

 소상공인등",미래 성장가능성이 높은 기업을 대상으로 성장 목표를 제시하고 성장 단계별 우대자금을 지원하는 보증상품,8억원,재단 문의,원금균등/분할,협약금리,보증료 감면 등,https://www.koreg.or.kr/haedream/gu/gurt/selectGurtList.do?mi=1124&gurtId=274,KOREG Official,2026-06-19
시행중,전국,17개 신용보증재단(대표번호 1588-7365),KB 소상공인컨설팅과 함께하는 금융지원 협약보증,2026.1.2 ~ 한도소진시까지,"성장

 , 

 소상공인등",국민은행 KB소상공인컨설팅센터로부터 본 협약보증을 추천받은 소기업 소상공인인 개인기업을 대상으로 금융 지원하는 상품,1억원,재단 문의,원금균등/분할,협약금리,보증료 감면 등,https://www.koreg.or.kr/haedream/gu/gurt/selectGurtList.do?mi=1124&gurtId=272,KOREG Official,2026-06-19
시행중,전북,"경북신용보증재단, 부산신용보증재단, 울산신용보증재단, 전남신용보증재단, 전북신용보증재단",소상공인 희망채움기금 금융지원 협약보증,2026.4.20 ~ 한도소진시 까지,소상공인등,"원전 주변지역 소상공인을 보증지원하여 경영안정 지원 및 경영안정 활성화를 도모하는 금융상품
지원대상 : 
신용보증신청 접수일 현재 아래 요건을 모두 충족하는 소기업·소상공인
- 사업자등록 후 가동(영업)중이며,
대표자 개인신용평점이 NICE기준 
755점 이상 또는 KCB기준 670점 
이상일 것(舊. 6등급)
-
주사업장이 원전 사업소 인근지역인 경주, 울진, 기장, 울주, 영광,
고창 소재일 것",5천만원,재단 문의,원금균등/분할,협약금리,보증료 감면 등,https://www.koreg.or.kr/haedream/gu/gurt/selectGurtList.do?mi=1124&gurtId=288,KOREG Official,2026-06-19
시행중,전국,17개 지역신용보증재단(대표번호 1588-7365),프랜차이즈 가맹점 금융지원 협약보증,2025.11.7(금) ~,소상공인등,"(일반) 기업은행과 '프랜차이즈 
BaaS
서비스
’
를 가입한 가맹점]
(우대) 
BaaS
가맹점주 중 가맹본사의 우수 가맹점 추천을 받은 기업
- 
업력
1
년 미만인 경우

‘
창업든든
’, 1
년 이상인 경우
‘
경영안심
’
으로 구분 지원",5천만원,재단 문의,원금균등/분할,협약금리,보증료 감면 등,https://www.koreg.or.kr/haedream/gu/gurt/selectGurtList.do?mi=1124&gurtId=286,KOREG Official,2026-06-19
시행중,전국,17개 지역신용보증재단(대표번호 1588-7365),골목상권 살리기 금융지원 협약보증,2025.11.7(금) ~,소상공인등,"개인신용평점이 710점 이상이며 아래의 요건 중 어느 하나에 해당하는 기업
(일반) 상권활성화구역, 자율상권구역 및 전통시장 소재 기업
(우대) 디지털온누리상품권가맹점, 제로페이 가맹점",5천만원,재단 문의,원금균등/분할,협약금리,보증료 감면 등,https://www.koreg.or.kr/haedream/gu/gurt/selectGurtList.do?mi=1124&gurtId=285,KOREG Official,2026-06-19
시행중,경남,경남신용보증재단,한국은행 중소기업 지원자금 특별보증,~한도 소진시,소상공인등,"경남도에서 제조업을 영위 중인 소기업 등
 ※ 소기업 등 : 「중소기업기본법」제2조에 따른 중소기업 및「소상공인기본법」제2조에 따른 소상공인을 말함(신용보증규정 제3조 제11호)",3억원,재단 문의,원금균등/분할,협약금리,보증료 감면 등,https://www.koreg.or.kr/haedream/gu/gurt/selectGurtList.do?mi=1124&gurtId=284,KOREG Official,2026-06-19
시행중,경남,경남신용보증재단,경상남도 소상공인 특별보증,~한도 소진시,소상공인등,"신용보증신청 접수일 기준 다음을 충족 하는 소상공인
➀현재 사업자 등록 후 6개월 이상(또는 180일 이상) 가동(영업) 중
➁대표자 개인신용평점이 780점 이상
➂재단 기보증잔액 5천만원 이하로 이용 중인 소상공인",5천만원,재단 문의,원금균등/분할,협약금리,보증료 감면 등,https://www.koreg.or.kr/haedream/gu/gurt/selectGurtList.do?mi=1124&gurtId=283,KOREG Official,2026-06-19
시행중,경기,경기신용보증재단,경기 소상공인 힘내GO 카드 보증,~한도 소진시,소상공인등,"경기도 내 사업을 영위중인 소상공인(신용점수 595점 이상)
- 단, ‘법인기업’ 및 ‘공동대표인 개인사업자’는 지원대상에서 제외
(연체, 세금체납, 신용도판단정보 등 기본요건에 저촉되는 경우 이용이 제한될 수 있음)
- 신청금액을 포함하여 현재 보증기관 이용잔액이 1억원을 초과하는 경우 이용불가
(보증기관 : 신용보증기금, 기술보증기금, 지역신용보증재단)",1천만원,재단 문의,원금균등/분할,협약금리,보증료 감면 등,https://www.koreg.or.kr/haedream/gu/gurt/selectGurtList.do?mi=1124&gurtId=282,KOREG Official,2026-06-19
시행중,세종,세종신용보증재단,금융회사 출연부 협약보증,금융회사별 상이,소상공인등,"특별출연 금융회사를 대출은행으로 선택한 중소기업, 소상공인 지원",2억원,재단 문의,원금균등/분할,협약금리,보증료 감면 등,https://www.koreg.or.kr/haedream/gu/gurt/selectGurtList.do?mi=1124&gurtId=280,KOREG Official,2026-06-19
시행중,세종,세종신용보증재단,경영지원패키지 우대보증,상시,소상공인등,재단 시행 교육 컨설팅 수료 후 BASA신청 확인서를 제출한 소상공인,1억원,재단 문의,원금균등/분할,협약금리,보증료 감면 등,https://www.koreg.or.kr/haedream/gu/gurt/selectGurtList.do?mi=1124&gurtId=279,KOREG Official,2026-06-19
시행중,세종,세종신용보증재단,중소기업 성장동행 우대보증,상시,"성장

 , 

 소상공인등","세종일자리경제진흥원으로부터 중소기업육성자금 중 ""경영안정자금"" 융자 추천을 받은 중소기업 지원",2억원,재단 문의,원금균등/분할,협약금리,보증료 감면 등,https://www.koreg.or.kr/haedream/gu/gurt/selectGurtList.do?mi=1124&gurtId=278,KOREG Official,2026-06-19
시행중,세종,세종신용보증재단,세종특별자치시 소상공인자금,세종신용보증재단 공고 참조,소상공인등,세종시 소재 소상공인 대상 지원,7천만원,재단 문의,원금균등/분할,협약금리,보증료 감면 등,https://www.koreg.or.kr/haedream/gu/gurt/selectGurtList.do?mi=1124&gurtId=277,KOREG Official,2026-06-19
시행중,전국,16개 신용보증재단(대표번호 1588-7365),햇살론 플러스,2025.5.19 ~ 보증 한도 시까지,"소상공인등

 , 
 저신용·취약계층

 , 
 창업","저소득 저신용 자영업자에 대해 특례운용을 통해 서민 금융비용 부담 경감
저신용자 : 연간 소득 4천5백만원 이하인 자로서 개인신용평점 744점 이하
저소득자 : 연간 소득 3천5백만원 이하",5천만원,재단 문의,원금균등/분할,협약금리,보증료 감면 등,https://www.koreg.or.kr/haedream/gu/gurt/selectGurtList.do?mi=1124&gurtId=275,KOREG Official,2026-06-19
시행중,경북,경북신용보증재단,포항시 소상공인 특례보증,~한도 소진시까지,"소상공인등

 , 
 청년

 , 
 창업",신청일 현재 포항시 관내에 사업장(법인의 경우 본점 포함)이 소재하고 사업자 등록을 필한 소상공인,,재단 문의,원금균등/분할,협약금리,보증료 감면 등,https://www.koreg.or.kr/haedream/gu/gurt/selectGurtList.do?mi=1124&gurtId=271,KOREG Official,2026-06-19
시행중,경북,경북신용보증재단,영천시 소상공인 특례보증,~한도 소진시까지,"소상공인등

 , 
 청년

 , 
 저신용·취약계층

 , 
 창업","신청일 현재 영천시 관내에 사업장(법인의 경우 본점 포함)이 소재하고 신용평점 879점 이하인 소상공인
(단, 청년창업자*는 개인신용평점 제한사항과 관계없이 지원가능)
①일반 대상
②우대 대상
* 청년창업자 : 만19세 이상에서 만 39세 이하로 창업 후 12개월이 지나지 않은 자",,재단 문의,원금균등/분할,협약금리,보증료 감면 등,https://www.koreg.or.kr/haedream/gu/gurt/selectGurtList.do?mi=1124&gurtId=270,KOREG Official,2026-06-19
시행중,경북,경북신용보증재단,청도군 중소기업 특례보증,~한도 소진시까지,소상공인등,"① 신청일 기준 청도군 관내에 사업장 소재지를 두고 있는 중소기업*
* 중소기업 범위에 소상공인은 제외, 단 제조업인 경우 소상공인 포함 운용
② 청도군으로부터 본 특례보증 추천 대상*으로 선정된 업체
* 본 특례보증 융자 추천 확인서는 청도군청 경제산림과에서 발급",1억원,재단 문의,원금균등/분할,협약금리,보증료 감면 등,https://www.koreg.or.kr/haedream/gu/gurt/selectGurtList.do?mi=1124&gurtId=269,KOREG Official,2026-06-19
시행중,경북,경북신용보증재단,2024년 의성군 청년기업 융자지원 특례보증,~한도 소진시,소상공인등,"·대표자의 나이가 만19세 이상 만45세 이하이면서 의성군에 사업장(법인의 경우 본점 포함)을 두고 6개월 이상 의성군에 거주중인 중소기업·소상공인
·매월 20일 경 의성군 「청년발전기금운용심의위원회」에서 융자대상자로 선정된 자",5천만원,재단 문의,원금균등/분할,협약금리,보증료 감면 등,https://www.koreg.or.kr/haedream/gu/gurt/selectGurtList.do?mi=1124&gurtId=268,KOREG Official,2026-06-19
시행중,대구,대구신용보증재단,대구 기업 상생 상거래 담보어음 특별보증,~한도 소진시까지,소상공인등,대구광역시 내 소재하고 영업 중이며 대표자(대표이사) 개인 신용평점 595점 이상,8억원,재단 문의,원금균등/분할,협약금리,보증료 감면 등,https://www.koreg.or.kr/haedream/gu/gurt/selectGurtList.do?mi=1124&gurtId=267,KOREG Official,2026-06-19
시행중,대구,대구신용보증재단,"운송업(화물, 택시) 및 건설장비 운영업 저금리 상생 특별보증",~한도 소진시까지,소상공인등,"대구광역시 내 소재하고 영업 중이며 대표자의 개인신용평점이 595점 이상이고, 도로 화물 운송업 등(택시 운송업, 일반 화물자동차 운송업, 개인 화물자동차 운송업, 건설장비 운영업)을 영위하고 있는 기업",2억원,재단 문의,원금균등/분할,협약금리,보증료 감면 등,https://www.koreg.or.kr/haedream/gu/gurt/selectGurtList.do?mi=1124&gurtId=266,KOREG Official,2026-06-19
시행중,대구,대구신용보증재단,대구 의료 전문업종 특별보증,~한도 소진시까지,소상공인등,"대구광역시 내 소재하고 영업 중이며 대표자의 개인신용평점이 595점 이상이고 의료업(병원, 의원, 약국, 수의업)을 영위하고 있는 기업",4억원,재단 문의,원금균등/분할,협약금리,보증료 감면 등,https://www.koreg.or.kr/haedream/gu/gurt/selectGurtList.do?mi=1124&gurtId=265,KOREG Official,2026-06-19
시행중,대구,대구신용보증재단,대구시 중소기업 시설 및 경쟁력 강화 특례보증,~한도 소진시까지,소상공인등,대구광역시 내 소재하고 영업중인 중소기업(소상공인 제외),,재단 문의,원금균등/분할,협약금리,보증료 감면 등,https://www.koreg.or.kr/haedream/gu/gurt/selectGurtList.do?mi=1124&gurtId=264,KOREG Official,2026-06-19
시행중,대구,대구신용보증재단,대구 긴급금융 특별보증,~한도 소진시까지,"소상공인등

 , 
 저신용·취약계층","대구광역시 내 소재하고 영업중인 중소기업, 소상공인",2천만원,재단 문의,원금균등/분할,협약금리,보증료 감면 등,https://www.koreg.or.kr/haedream/gu/gurt/selectGurtList.do?mi=1124&gurtId=263,KOREG Official,2026-06-19
시행중,대구,대구신용보증재단,대구 전통시장(상권) 활성화 특별보증,~한도 소진시까지,소상공인등,대구광역시 전통시장(상점가) 내 영업중이며 대표자의 개인신용평점이 595점 이상일 것,5천만원,재단 문의,원금균등/분할,협약금리,보증료 감면 등,https://www.koreg.or.kr/haedream/gu/gurt/selectGurtList.do?mi=1124&gurtId=262,KOREG Official,2026-06-19
시행중,대구,대구신용보증재단,2024 대구 성장지원 특별보증,~한도 소진시까지,소상공인등,"① 경영애로 및 성실상환기업 지원 : 대구광역시 내 소재하고 영업 중이며 대표자(대표이사) 개인신용평점 595점 이상
② 강소기업 지원 : 대구광역시 내 소재하고 영업 중이며, 사업자의 업력이 5년 이상이고, 대표자의 개인신용평점이 840점 이상일 것
③ 전문업종 및 지역 특화산업 지원 : 대구광역시 내 소재하고 영업 중이며 대표자 개인신용평점 595점 이상이고 별도로 정하는 업종 영위중인 기업",,재단 문의,원금균등/분할,협약금리,보증료 감면 등,https://www.koreg.or.kr/haedream/gu/gurt/selectGurtList.do?mi=1124&gurtId=261,KOREG Official,2026-06-19
시행중,전남,전남신용보증재단,금융버스 가드림 특별보증,~한도 소진시까지,"소상공인등

 , 
 저신용·취약계층","보증신청 접수일 현재 사업자등록 후 가동(영업)중이면서 ""금융버스""을 통해 보증신청한 소기업·소상공인",5천만원,재단 문의,원금균등/분할,협약금리,보증료 감면 등,https://www.koreg.or.kr/haedream/gu/gurt/selectGurtList.do?mi=1124&gurtId=260,KOREG Official,2026-06-19
시행중,전남,전남신용보증재단,2024 더 키움 성장지원 특별보증,~한도 소진시까지,소상공인등,"전라남도에서 사업을 영위하고 있는 사업자로 신용평점 745점이상이며 다음중 어느 하나에 해당하는 개인사업자
1. 정상상환기업
2. 건전성장기업",1억원,재단 문의,원금균등/분할,협약금리,보증료 감면 등,https://www.koreg.or.kr/haedream/gu/gurt/selectGurtList.do?mi=1124&gurtId=259,KOREG Official,2026-06-19
시행중,전남,전남신용보증재단,2024 전남형 앵커스토어 특별보증,~한도 소진시까지,소상공인등,`2024년 전라남도 로컬 앵커스토어 육성 지원사업`에 선정된 소상공인,1억원,재단 문의,원금균등/분할,협약금리,보증료 감면 등,https://www.koreg.or.kr/haedream/gu/gurt/selectGurtList.do?mi=1124&gurtId=258,KOREG Official,2026-06-19
시행중,전남,전남신용보증재단,지방소멸 위기 대응 특별보증,~한도 소진시까지,"소상공인등

 , 
 저신용·취약계층",전라남도 내 사업을 영위 중이며 기존 재단 보증서 대출 이용중인 중소기업 및 소상공인,3천만원,재단 문의,원금균등/분할,협약금리,보증료 감면 등,https://www.koreg.or.kr/haedream/gu/gurt/selectGurtList.do?mi=1124&gurtId=257,KOREG Official,2026-06-19
시행중,전남,전남신용보증재단,시군추천 특별보증,~한도 소진시까지,소상공인등,재원 출연한 시군이 추천한 소상공인,,재단 문의,원금균등/분할,협약금리,보증료 감면 등,https://www.koreg.or.kr/haedream/gu/gurt/selectGurtList.do?mi=1124&gurtId=256,KOREG Official,2026-06-19
시행중,전남,전남신용보증재단,금융기관 특별출연 협약보증,~한도 소진시까지,소상공인등,전라남도 내 사업을 영위 중인 중소기업 및 소상공인,,재단 문의,원금균등/분할,협약금리,보증료 감면 등,https://www.koreg.or.kr/haedream/gu/gurt/selectGurtList.do?mi=1124&gurtId=255,KOREG Official,2026-06-19
시행중,부산,부산신용보증재단,부산시 미래 성장기업 지원 협약보증,~한도 소진시까지,소상공인등,개인신용평점 595점 이상인 부산광역시 소재 중소기업 및 소상공인,8억원,재단 문의,원금균등/분할,협약금리,보증료 감면 등,https://www.koreg.or.kr/haedream/gu/gurt/selectGurtList.do?mi=1124&gurtId=252,KOREG Official,2026-06-19
시행중,부산,부산신용보증재단,부산시 새희망전환 특례보증,한도 소진시까지 또는 2024. 12. 31. 까지,소상공인등,"① 부산광역시 소상공인
② 부산신용보증재단 보증잔액 보유기업
③ 재단의 보증사고기업이 아닐 것",1.5억원,재단 문의,원금균등/분할,협약금리,보증료 감면 등,https://www.koreg.or.kr/haedream/gu/gurt/selectGurtList.do?mi=1124&gurtId=251,KOREG Official,2026-06-19
시행중,제주,제주신용보증재단,2024년 중소기업은행 특별출연부 「전통시장·골목상권 활성화 특별보증」,~한도 소진시까지,소상공인등,"신용보증신청 접수일 현재 사업자등록 후 가동(영업) 중이며, 아래의 조건 중 하나를 충족하는 소기업·소상공인
① 제주특별자치도내 전통시장 상점가 및 골목상권 소기업·소상공인
② 업력 5년 이상 사업을 영위중인 기업
③ 대표자 개인신용평점이 710점 이상인 소기업․소상공인",5천만원,재단 문의,원금균등/분할,협약금리,보증료 감면 등,https://www.koreg.or.kr/haedream/gu/gurt/selectGurtList.do?mi=1124&gurtId=249,KOREG Official,2026-06-19
시행중,제주,제주신용보증재단,2024년 농협은행 특별출연부 민생경제활력제고를 위한 「중신용 소기업・소상공인 특별보증」,~한도 소진시까지,"소상공인등

 , 
 저신용·취약계층","① 중신용 소기업․소상공인
② 경영애로를 겪고 있는 대표자 개인신용평점이 710점 이상인 법인기업으로 지원대상을 구분하여 Two-track으로 운영
1) Track 1
신용보증신청 접수일 현재 사업자등록 후 가동(영업)중이며, 대표자 개인신용평점*이 710점 이상 839점 이하인 소기업·소상공인으로 경영애로를 겪고 있는 기업 (개인기업에 한함)
2)Track 2
신용보증신청 접수일 현재 사업자등록 후 가동(영업)중이며, 경영애로를 겪고 있는 대표자 개인신용평점이 710점 이상인 법인 기업 (중소기업‧소상공인 포함)",,재단 문의,원금균등/분할,협약금리,보증료 감면 등,https://www.koreg.or.kr/haedream/gu/gurt/selectGurtList.do?mi=1124&gurtId=248,KOREG Official,2026-06-19
시행중,제주,제주신용보증재단,2024년 신한은행 특별출연부 「소기업・소상공인 내생애 첫 버팀목 특별보증」,~한도 소진시까지,소상공인등,"신용보증신청 접수일 현재 사업자등록 후 가동(영업) 중이며, 아래의 조건을 모두 충족하는 소기업․소상공인
① 대표자 개인신용평점이 710점 이상인 소기업․소상공인
② 협약은행에 재단의 신용보증서 잔액이 없는 소기업․소상공인",5천만원,재단 문의,원금균등/분할,협약금리,보증료 감면 등,https://www.koreg.or.kr/haedream/gu/gurt/selectGurtList.do?mi=1124&gurtId=247,KOREG Official,2026-06-19
시행중,제주,제주신용보증재단,문화예술인보증,~한도 소진시까지,소상공인등,제주문화예술재단으로부터 「문화예술인 융자지원 추천서」를 발급받은 문화예술인,1억원,재단 문의,원금균등/분할,협약금리,보증료 감면 등,https://www.koreg.or.kr/haedream/gu/gurt/selectGurtList.do?mi=1124&gurtId=246,KOREG Official,2026-06-19
시행중,제주,제주신용보증재단,보증서 대출금리 상한제 협약보증,~한도 소진시까지,소상공인등,신청일 현재 제주특별자치도 내에서 사업자 등록 후 영업중인 소기업·소상공인,5천만원,재단 문의,원금균등/분할,협약금리,보증료 감면 등,https://www.koreg.or.kr/haedream/gu/gurt/selectGurtList.do?mi=1124&gurtId=245,KOREG Official,2026-06-19
시행중,대전,대전신용보증재단,카카오뱅크 중소기업 회복성장 협약보증,~한도 소진시까지,소상공인등,대전광역시에 사업장을 두고 신청일 현재 영업중이며 카카오뱅크을 통해 보증부대출 신청한 기업(개인기업에 한함),2억원,재단 문의,원금균등/분할,협약금리,보증료 감면 등,https://www.koreg.or.kr/haedream/gu/gurt/selectGurtList.do?mi=1124&gurtId=244,KOREG Official,2026-06-19
시행중,대전,대전신용보증재단,2024년 우리은행 특별출연 협약보증,~한도 소진시까지,소상공인등,대전광역시에 사업장을 두고 신청일 현재 영업중이며 우리은행을 통해 보증부대출 신청한 기업,2억원,재단 문의,원금균등/분할,협약금리,보증료 감면 등,https://www.koreg.or.kr/haedream/gu/gurt/selectGurtList.do?mi=1124&gurtId=243,KOREG Official,2026-06-19
시행중,서울,서울신용보증재단,서울형 중·저신용자 지원 특별보증,~한도 소진시까지,"소상공인등

 , 
 저신용·취약계층","서울시 소재 소기업 및 소상공인 중 아래 요건을 모두 충족하는 기업
① 업력 6개월 이상 개인사업자
② 대표자 개인신용평점 839점(구 4등급) 이하
※보증상대처 : 인터넷전문은행(카카오뱅크, 케이뱅크, 토스뱅크)",3천만원,재단 문의,원금균등/분할,협약금리,보증료 감면 등,https://www.koreg.or.kr/haedream/gu/gurt/selectGurtList.do?mi=1124&gurtId=242,KOREG Official,2026-06-19
시행중,서울,서울신용보증재단,미래 유망기업 성장지원 보증,상시 운영,소상공인등,"서울시 소재 업력 6개월 이상의 중소기업 및 소상공인으로, 아래 요건 중 한 가지 이상 해당하는 기업
1) 서울형 산업 영위 기업 : 패션, 디자인, 소프트웨어 등
2) 지식서비스 산업 영위 기업 : 과학기술 서비스업, 영상제작업 등
3) 지식기반 제조업 영위 기업 : 신소재, 정밀기기 제조업 등
4) 미래 유망기업(정부인증기업) : 디자인혁신유망기업, 벤처기업 등
5) 중소벤처기업부 지정 수출유망중소기업 및 수출두드림기업
6) 지식재산(특허권, 실용신안권) 보유 및 사업화 기업
7) 정부(지방자치단체 포함) 과제 수행 기업",8억원,재단 문의,원금균등/분할,협약금리,보증료 감면 등,https://www.koreg.or.kr/haedream/gu/gurt/selectGurtList.do?mi=1124&gurtId=241,KOREG Official,2026-06-19
시행중,광주,광주신용보증재단,2024년 북구 중소기업 특례보증,~한도 소진시까지,"소상공인등

 , 
 청년

 , 
 저신용·취약계층",광주광역시 북구 관내 사업장 운영 소상공인,,재단 문의,원금균등/분할,협약금리,보증료 감면 등,https://www.koreg.or.kr/haedream/gu/gurt/selectGurtList.do?mi=1124&gurtId=240,KOREG Official,2026-06-19
시행중,경기,경기신용보증재단,중·저신용 소상공인 부채 상환연장 특례보증,~한도 소진시까지,"소상공인등

 , 
 저신용·취약계층","접수일 현재 재단 보증서를 이용중인 경기도 소재 중·저신용(NICE개인신용평점 839점 이하) 소상공인
- 단, 아래 중 어느 하나에 해당하는 경우 지원대상 제외
① 보증부실(부실유보 포함) 상태인 기업
② 새출발기금 중개형 채무조정 신청 또는 확정된 기업 (단, 새출발기금 중개형 채무조정에 포함되지 않은 보증건에 대해서는 지원가능)
③ 휴·폐업 중인 기업
※ 아래 대출은행에 해당하지 않는 은행의 재단 보증부 대출도 본 상품 이용가능하나, 본 상품 이용 시 아래 7개 대출은행으로 은행 변경하여 진행 필요",1억원,재단 문의,원금균등/분할,협약금리,보증료 감면 등,https://www.koreg.or.kr/haedream/gu/gurt/selectGurtList.do?mi=1124&gurtId=239,KOREG Official,2026-06-19
시행중,경기,경기신용보증재단,균형발전 기회UP 특례보증,~한도 소진시까지,소상공인등,"경기도 내 사업을 영위 중인 중소기업(음식숙박업, 소매업, 건설업 제외)
시군별 전략산업 영위기업, 경기북부 소재 기업 등에 해당되고 시군자금, 도자금, C2자금 중 어느 하나와 연계되는 기업",8억원,재단 문의,원금균등/분할,협약금리,보증료 감면 등,https://www.koreg.or.kr/haedream/gu/gurt/selectGurtList.do?mi=1124&gurtId=236,KOREG Official,2026-06-19
시행중,경기,경기신용보증재단,경기도 중소기업 기후위기 대응 특별보증,~한도 소진시까지,소상공인등,"(일반지원) 태양광 기업/에너지 효율화 기업/일회용품 대체제 제조기업/기후테크 육성기업
(특별지원) 경기RE100 적극 참여기업",,재단 문의,원금균등/분할,협약금리,보증료 감면 등,https://www.koreg.or.kr/haedream/gu/gurt/selectGurtList.do?mi=1124&gurtId=235,KOREG Official,2026-06-19
시행중,인천,인천신용보증재단,(전세피해) 소상공인 취약계층 특례보증,~한도 소진시까지,소상공인등,"전세사기 피해자* 중 인천에 사업장을 두고 영업중인 소상공인
*전세사기 피해자 : 전세피해확인서(주택도시보증공사)로 확인",3천만원,재단 문의,원금균등/분할,협약금리,보증료 감면 등,https://www.koreg.or.kr/haedream/gu/gurt/selectGurtList.do?mi=1124&gurtId=234,KOREG Official,2026-06-19
시행중,인천,인천신용보증재단,2024-3단계 희망인천 소상공인 특례보증(티몬·위메프 등 피해기업),~한도 소진시까지,소상공인등,티몬·위메프 등 피해기업 중 인천 소재 소상공인,,재단 문의,원금균등/분할,협약금리,보증료 감면 등,https://www.koreg.or.kr/haedream/gu/gurt/selectGurtList.do?mi=1124&gurtId=233,KOREG Official,2026-06-19
시행중,인천,인천신용보증재단,2024 인천저축은행 협약보증,~한도 소진시까지,"소상공인등

 , 
 저신용·취약계층",인천시 소재 소기업·소상공인,3천만원,재단 문의,원금균등/분할,협약금리,보증료 감면 등,https://www.koreg.or.kr/haedream/gu/gurt/selectGurtList.do?mi=1124&gurtId=232,KOREG Official,2026-06-19
시행중,인천,인천신용보증재단,2024 하나은행 협약보증,~한도 소진시까지,소상공인등,인천시 소재 중소기업·소상공인,2억원,재단 문의,원금균등/분할,협약금리,보증료 감면 등,https://www.koreg.or.kr/haedream/gu/gurt/selectGurtList.do?mi=1124&gurtId=231,KOREG Official,2026-06-19
시행중,인천,인천신용보증재단,2024 국민은행 협약보증,~한도 소진시까지,소상공인등,인천시 소재 중소기업·소상공인,2억원,재단 문의,원금균등/분할,협약금리,보증료 감면 등,https://www.koreg.or.kr/haedream/gu/gurt/selectGurtList.do?mi=1124&gurtId=230,KOREG Official,2026-06-19
시행중,인천,인천신용보증재단,2024 우리은행 컨설팅 연계 협약보증,~한도 소진시까지,소상공인등,"우리은행 「소상공인종합지원센터」로부터 붙임 양식의 “컨설팅 수료 확인서”를 발급받은 인천시 소재 소기업·소상공인
* 우리은행 소상공인종합지원센터(☎ 032-434-0341, 내선 610)
: 인천광역시 남동구 인하로507번길 1, 1층(우리은행 구월동지점 내 위치)",1억원,재단 문의,원금균등/분할,협약금리,보증료 감면 등,https://www.koreg.or.kr/haedream/gu/gurt/selectGurtList.do?mi=1124&gurtId=229,KOREG Official,2026-06-19
시행중,인천,인천신용보증재단,계양구 신한은행 희망이룸 협약보증,~한도 소진시까지,"소상공인등

 , 
 청년

 , 
 저신용·취약계층","인천시 계양구 소재 소기업 소상공인
(Track.1) 일반 : NICE 신용평점 745점 이상 (5등급 이상)
(Track.2) 저신용 : NICE 신용평점 744점 이하 (6등급 이하)
(Track.3) 청년창업 : * 계양구 청년창업 성장지원사업 승인업체
* 계양구 지역경제과 「계양구 청년창업 성장지원 사업」대상 확인서 발급 업체",3천만원,재단 문의,원금균등/분할,협약금리,보증료 감면 등,https://www.koreg.or.kr/haedream/gu/gurt/selectGurtList.do?mi=1124&gurtId=228,KOREG Official,2026-06-19
시행중,인천,인천신용보증재단,지하도상가 활성화 특례보증,~한도 소진시까지,소상공인등,인천시가 관리하는 지하도상가 내에 사업장이 소재한 소기업·소상공인,5천만원,재단 문의,원금균등/분할,협약금리,보증료 감면 등,https://www.koreg.or.kr/haedream/gu/gurt/selectGurtList.do?mi=1124&gurtId=227,KOREG Official,2026-06-19
시행중,강원,강원신용보증재단,청년창업자금 무이자 대출 지원사업 협약보증,~한도 소진시까지,"소상공인등

 , 
 청년

 , 
 창업","보증신청일 기준 주소지 및 사업장이 강원특별자치도에 소재하고 아래 각호를 모두 충족한 기업
1. 대표자의 연령이 만 18세~45세인 개인기업
2. 창업 후 7년 미만인 기업
3. 신,기보의 기보증 잔액이 없는 기업
4. 사업장을 마련하고 가동(영업)중이거나 가동(영업)이 확실한 기업
- 자가 또는 임대(임대보증금 완납이 확인된 기업) 충족 여부 확인
5. 재단 신용평가등급 B등급 이상인 기업
* 업종에 따라 진행 불가할 수 있음",5천만원,재단 문의,원금균등/분할,협약금리,보증료 감면 등,https://www.koreg.or.kr/haedream/gu/gurt/selectGurtList.do?mi=1124&gurtId=226,KOREG Official,2026-06-19
시행중,강원,강원신용보증재단,태백시 출연 협약보증,~한도 소진시까지,소상공인등,"보증신청 접수일 현재 태백시 관내에 사업자등록 후 가동(영업)중으로, 아래 조건을 모두 충족하는 소상공인(개인사업자)
1. 태백시가 추천하는 소상공인
2.. 신보 또는 기보의 보증잔액이 없는 기업
3. 신용평가 등급 ""B""등급 이상인 기업
4. 타 재단의 보증잔액이 없는 기업",5천만원,재단 문의,원금균등/분할,협약금리,보증료 감면 등,https://www.koreg.or.kr/haedream/gu/gurt/selectGurtList.do?mi=1124&gurtId=224,KOREG Official,2026-06-19
시행중,강원,강원신용보증재단,ESG실천 소기업·소상공인 금융지원 협약보증,~한도 소진시까지,"소상공인등

 , 
 ESG","신청일 현재 강원특별자치도에서 사업자등록 후 정상 영업중이며 ESG 경영실천서약서를 제출한 다음 어느하나에 해당하는 ESG 실천 소기업·소상공인
1. Environment(환경)
- 녹색산업기업
- 녹색경영기업
- 탄소배출 저감기업
2. Social(사회)
- 고용 유지 및 창출 기업
- 장애인 고용 기업
- 사회적 책임 실천기업
- 가족친화인증기업 등
3. Governance(지배구조)
- 지역사회공헌인증기업
- ESG 교육수료 기업
- 반부패·준법경영인증기업",5천만원,재단 문의,원금균등/분할,협약금리,보증료 감면 등,https://www.koreg.or.kr/haedream/gu/gurt/selectGurtList.do?mi=1124&gurtId=223,KOREG Official,2026-06-19
시행중,강원,강원신용보증재단,정책자금 대환대출 협약보증,~한도 소진시까지,소상공인등,신용보증 신청일 현재 2023 난방비 폭등 긴급자금지원을 이용중인 업체,,재단 문의,원금균등/분할,협약금리,보증료 감면 등,https://www.koreg.or.kr/haedream/gu/gurt/selectGurtList.do?mi=1124&gurtId=222,KOREG Official,2026-06-19
시행중,강원,강원신용보증재단,원주시 상생금융지원 협약보증,~한도 소진시까지,소상공인등,"원주시에 소재한 다음 각호에 어느 하나에 해당하는 기업
1. ""전통시장 및 상점가 육성을 위한 특별법"" 제2조 제1호에 따른 전통시장 내 상인
2. ""중소기업기본법"" 제2조에 따른 중소기업 및 ""소상공인기본법"" 제2조에 따른 소상공인",5천만원,재단 문의,원금균등/분할,협약금리,보증료 감면 등,https://www.koreg.or.kr/haedream/gu/gurt/selectGurtList.do?mi=1124&gurtId=221,KOREG Official,2026-06-19
시행중,강원,강원신용보증재단,문턱 없애기Ⅱ 협약보증,~한도 소진시까지,소상공인등,"보증신청 접수일 현재 강원특별자치도내에 사업자 등록을 한 중소기업·소상공인 중 NICE 신용평가점수 865점 이하인 개인사업자로 하며, 운전자금 지원대상은 다음 제1호 및 제2호, 대환자금 지원대상은 제1호, 제2호 및 제3호를 모두 충족하여야 한다.
1. 사업장이 강원특별자치도 내에 소재하고 있는 기업
2. 사업자 등록을 완료하고 영업 중인 기업
3. 보증신청 접수일 현재 보증신청인 명의로 대출일로부터 3개월이 경과한 상호저축은행, 캐피탈사, 신용카드사(카드론)의 채무를 보유하고 정상적으로 상환중인 기업
단, 보증채무, 담보대출, 할부금융대출, 신용카드 사용금액(신용구매·현금서비스, 리볼빙서비스대금)은 제외",1천만원,재단 문의,원금균등/분할,협약금리,보증료 감면 등,https://www.koreg.or.kr/haedream/gu/gurt/selectGurtList.do?mi=1124&gurtId=220,KOREG Official,2026-06-19
시행중,충남,충남신용보증재단,제조업 성장지원 특화보증,~한도 소진시까지,소상공인등,"충청남도 소재 제조업(제조업 전업률 30%)이상 영위 소기업, 소상공인",,재단 문의,원금균등/분할,협약금리,보증료 감면 등,https://www.koreg.or.kr/haedream/gu/gurt/selectGurtList.do?mi=1124&gurtId=219,KOREG Official,2026-06-19
시행중,충남,충남신용보증재단,청년농 스마트팜 특화보증,~한도 소진시까지,소상공인등,"- 충청남도 지원사업에 선정되어 충청남도에 사업자등록을 한 기업
- 충청남도 농어촌진흥기금(스마트팜 육성) 추천을 받고 충청남도에 사업자 등록을 한 기업",2억원,재단 문의,원금균등/분할,협약금리,보증료 감면 등,https://www.koreg.or.kr/haedream/gu/gurt/selectGurtList.do?mi=1124&gurtId=218,KOREG Official,2026-06-19
시행중,충남,충남신용보증재단,2024년 충청남도 소상공인 특례보증(한시),~한도 소진시까지,소상공인등,"충청남도에 사업장을 두고 사업을 영위중인 중소기업, 소상공인",5천만원,재단 문의,원금균등/분할,협약금리,보증료 감면 등,https://www.koreg.or.kr/haedream/gu/gurt/selectGurtList.do?mi=1124&gurtId=217,KOREG Official,2026-06-19
시행중,충남,충남신용보증재단,2024년 지식재산권(IP) 보유기업 우대 특화보증,~한도 소진시까지,소상공인등,SMART5 특허분석시스템을 통해 산출된 등급이 CCC등급 이상인 지식재산권을 보유하고 이를 사업에 활용하고 있는 기업,2억원,재단 문의,원금균등/분할,협약금리,보증료 감면 등,https://www.koreg.or.kr/haedream/gu/gurt/selectGurtList.do?mi=1124&gurtId=216,KOREG Official,2026-06-19
시행중,충북,충북신용보증재단,옥천군 중·저신용 소상공인 특례보증,~한도 소진시까지,"소상공인등

 , 
 저신용·취약계층","신용보증 접수일 현재 옥천군 내에 주민등록 및 사업장을 두고 영업 중이며, 대표자 개인신용평점 749점 이하의 소상공인",5천만원,재단 문의,원금균등/분할,협약금리,보증료 감면 등,https://www.koreg.or.kr/haedream/gu/gurt/selectGurtList.do?mi=1124&gurtId=215,KOREG Official,2026-06-19
시행중,충북,충북신용보증재단,옥천군 청년창업 소상공인 성장 지원 특례보증,~한도 소진시까지,"소상공인등

 , 
 청년

 , 
 창업","신용보증 접수일 현재 옥천군 내 사업장을 두고 영업 중인 대표자 연령 만 39세 이하, 업력 7년 미만 소상공인",5천만원,재단 문의,원금균등/분할,협약금리,보증료 감면 등,https://www.koreg.or.kr/haedream/gu/gurt/selectGurtList.do?mi=1124&gurtId=214,KOREG Official,2026-06-19
시행중,충북,충북신용보증재단,충북형 오프라인 소상공인 디지털 전환 특별보증,~한도 소진시까지,"소상공인등

 , 
 스마트","Track 1 디지털 전환 지원
신용보증신청 접수일 현재 사업자등록 후 가동(영업) 중인 소상공인으로 다음 중 어느 하나에 해당하는 개인기업
① (전자 상거래) 사업자등록증 상 업종이 전자상거래업이거나 통신판매업 신고증을 보유한 기업
② (디지털 상점) 사업장에서 스마트 기술(키오스크·테이블 오더·서빙로봇) 또는 온라인 주문 시스템을 이용 중인 기업
Track 2 특별 금융지원
티몬・위메프 정산지연에 따른 피해사실이 확인되는 기업",5천만원,재단 문의,원금균등/분할,협약금리,보증료 감면 등,https://www.koreg.or.kr/haedream/gu/gurt/selectGurtList.do?mi=1124&gurtId=213,KOREG Official,2026-06-19
시행중,충북,충북신용보증재단,충청북도 출산 장려 정책 활성화 등 지원 특별보증,~한도 소진시까지,,"신용보증신청 접수일 현재 가동(영업) 중인 소기업·소상공인으로서 다음 중 어느 하나에 해당하는 사업자
① (출산 장려 대상자) 다음 중 어느 하나의 요건을 충족
1) 임산부: 대표자 본인 또는 배우자가 임산부인 경우
2) 난임부부 : 대표자 본인 또는 배우자가 난임 진단을 받고 최근(1년 이내)까지 시술받고 있는 경우
3) 다자녀가정 : 만 19세 미만 자녀 2명 이상을 부양하는 경우
② (일반사업자) 위 출산장려대상자 이외의 사업자",5천만원,재단 문의,원금균등/분할,협약금리,보증료 감면 등,https://www.koreg.or.kr/haedream/gu/gurt/selectGurtList.do?mi=1124&gurtId=212,KOREG Official,2026-06-19
시행중,울산,울산신용보증재단,울주군 저신용 소상공인 특례보증,연 1회 선착순 접수 (시행 2주전 울산신용보증재단 홈페이지공고),"소상공인등

 , 
 저신용·취약계층",사업자등록 후 6개월 이상 가동중인 울산 울주군 소상공인으로 개인신용평점 744점 이하이며 울주군 소상공인 경영안정자금을 추천받은 소상공인,2천만원,재단 문의,원금균등/분할,협약금리,보증료 감면 등,https://www.koreg.or.kr/haedream/gu/gurt/selectGurtList.do?mi=1124&gurtId=211,KOREG Official,2026-06-19
시행중,울산,울산신용보증재단,조선업종 협력업체 특례보증,~한도 소진시까지,소상공인등,"울산지역 조선업 협력업체, 조선 기자재 제조기업",3억원,재단 문의,원금균등/분할,협약금리,보증료 감면 등,https://www.koreg.or.kr/haedream/gu/gurt/selectGurtList.do?mi=1124&gurtId=210,KOREG Official,2026-06-19
시행중,전국,17개 신용보증재단(대표번호 1588-7365),브릿지보증,2021.7.1. ~ 별도 통보시까지,", 
 저신용·취약계층","폐업한 자에 대한 재기를 위한 보증상품
신용보증신청 접수일 현재 아래 요건을 모두 충족하는 자를 대상으로 함
(T1_일반)
①
재단의 보증을 이용 중일 것
②
사업장이 폐업한 상태일 것(폐업하였으나 보증신청인 명의의 별도 사업자가 정상 운영중인 경우 이용 불가)
③
개인신용평점 하위
100
분의
95
에 해당하거나
,
연소득이
8
천만원 이하일 것
④
재단의 보증사고기업으로 처리되지 않았을 것
(
T2_
우대)
- 상기 일반지원 대상 요건을 모두 충족하면서, 전차보증의 실행일이 '25.6.30.이전이며 1억원 이하인 기업
(
T3_
장기일반
)
- 상기 일반지원 대상 요건을 모두 충족하면서, 전차보증의 실행일이 '25.6
.30.
이전이며 1억원 초과인 기업
(
T4_
장기우대
)
- 상기 일반지원 대상 요건을 모두 충족하면서, 전차보증의 실행일이 '25.6
.30.
이전이며 1억원 이하인 기업
보증제한
1)신용도 판단정보 및 공공정보 중 체납정보 보유중인 경우
2)보증신청인 소유 폐업사업장 및 자가주택에 대한 권리침해가 있는 경우
3)신용보증사고 및 대위변제 관계자(신보, 기보 포함)인 경우
4)심사기준일 현재 채권자가 될 금융회사의 연체대출금 보유사실 있는 경우",,재단 문의,원금균등/분할,협약금리,보증료 감면 등,https://www.koreg.or.kr/haedream/gu/gurt/selectGurtList.do?mi=1124&gurtId=208,KOREG Official,2026-06-19
시행중,세종,세종신용보증재단,스타트업기업 지원 특별보증,상시지원,"소상공인등

 , 
 창업","보증신청 접수일 현재 사업자등록 후 가동(영업)중으로, 창업 후 7년 이내의 세종특별자치시 소재의 중소기업 〮 소상공인",2억원,재단 문의,원금균등/분할,협약금리,보증료 감면 등,https://www.koreg.or.kr/haedream/gu/gurt/selectGurtList.do?mi=1124&gurtId=206,KOREG Official,2026-06-19
시행중,세종,세종신용보증재단,희망어부바 특별보증,상시지원,"소상공인등

 , 
 저신용·취약계층","보증신청 접수일 현재 사업자등록 후 가동(영업)중으로, 대표자 개인신용평점이 595점 이상 ~ 879점 이하인 소기업 소상공인",3천만원,재단 문의,원금균등/분할,협약금리,보증료 감면 등,https://www.koreg.or.kr/haedream/gu/gurt/selectGurtList.do?mi=1124&gurtId=205,KOREG Official,2026-06-19
시행중,전국,17개 신용보증재단(대표번호 1588-7365),전통시장 금융지원 협약보증,2024.8.28 ~ 한도소진시 까지,소상공인등,"지속적인 경기침체로 어려움을 겪고 있는 전통시장, 상점가 소재 기업에 우대자금을 지원하여 경영 안정을 도모하는 상품",5천만원,재단 문의,원금균등/분할,협약금리,보증료 감면 등,https://www.koreg.or.kr/haedream/gu/gurt/selectGurtList.do?mi=1124&gurtId=203,KOREG Official,2026-06-19
시행중,전국,17개 신용보증재단(대표번호 1588-7365),소기업·소상공인 전환보증,2024.7.31. ~ 한도 소진 시까지,소상공인등,"대출금의 원금(분할상환원금 포함) 상환 부담으로 어려움을 겪고 있는
소기업·소상공인에게 만기상환 구조 전환을 지원하는 보증상품",,재단 문의,원금균등/분할,협약금리,보증료 감면 등,https://www.koreg.or.kr/haedream/gu/gurt/selectGurtList.do?mi=1124&gurtId=202,KOREG Official,2026-06-19
시행중,전국,17개 신용보증재단(대표번호 1588-7365),녹색기업지원 특례보증,2024.6.3 ~ 한도소진시 까지,"소상공인등

 , 
 ESG","녹색확인기업, ESG경영 실천 중소기업
·소상공인에 대해 보증한도, 보증료율 등을 우대하여 ESG에 대한 사회경제적 인식 확산에 기여",2억원,재단 문의,원금균등/분할,협약금리,보증료 감면 등,https://www.koreg.or.kr/haedream/gu/gurt/selectGurtList.do?mi=1124&gurtId=200,KOREG Official,2026-06-19
시행중,광주,광주신용보증재단,2024년 서구 영세 소상공인 특례보증,~ 한도 소진시까지,"소상공인등

 , 
 청년

 , 
 저신용·취약계층",광주광역시 서구 관내 사업장 운영 소상공인,2천만원,재단 문의,원금균등/분할,협약금리,보증료 감면 등,https://www.koreg.or.kr/haedream/gu/gurt/selectGurtList.do?mi=1124&gurtId=195,KOREG Official,2026-06-19
시행중,광주,광주신용보증재단,2024년 광산구 상생 소상공인 특례보증,~한도 소진시까지,"소상공인등

 , 
 청년

 , 
 저신용·취약계층",광주광역시 광산구 관내 사업장 운영 소상공인,2천만원,재단 문의,원금균등/분할,협약금리,보증료 감면 등,https://www.koreg.or.kr/haedream/gu/gurt/selectGurtList.do?mi=1124&gurtId=191,KOREG Official,2026-06-19
시행중,세종,세종신용보증재단,카카오뱅크 상생금융 특별보증,24.1.22.~,소상공인등,"세종특별자치시 내 사업자등록 후 영업중이고, 대표자 개인신용평점이 595점 이상인 소기업, 소상공인",3천만원,재단 문의,원금균등/분할,협약금리,보증료 감면 등,https://www.koreg.or.kr/haedream/gu/gurt/selectGurtList.do?mi=1124&gurtId=185,KOREG Official,2026-06-19
시행중,세종,세종신용보증재단,충남신용보증재단의 기보증부대출금 회수를 위한 전환보증,상시지원,소상공인등,세종신용보증재단이 충남신용보증재단의 기존 보증을 해지하기 위하여 취급하는 신규보증,,재단 문의,원금균등/분할,협약금리,보증료 감면 등,https://www.koreg.or.kr/haedream/gu/gurt/selectGurtList.do?mi=1124&gurtId=183,KOREG Official,2026-06-19
시행중,대전,대전신용보증재단,2024년 대전광역시 소상공인 경영개선자금,~ 한도 소진시까지,소상공인등,"대전광역시에 사업장을 두고 사업자등록증상 '사업개시년월일'이 지난 정상 영업중인 소상공인
부동산담보 / 순수신용 / 신용보증서담보",5천만원,재단 문의,원금균등/분할,협약금리,보증료 감면 등,https://www.koreg.or.kr/haedream/gu/gurt/selectGurtList.do?mi=1124&gurtId=165,KOREG Official,2026-06-19
시행중,강원,강원신용보증재단,속초시 출연 협약보증,~ 한도 소진시까지,소상공인등,"보증신청 접수일 현재 속초시 관내에 사업자등록 후 가동(영업)중으로, 아래 조건을 모두 충족하는 소상공인
① 속초시가 추천하는 소상공인(법인 제외)
② 신용평가 등급 “B” 등급 이상인 기업
③ 타 재단의 보증잔액이 없는 기업",5천만원,재단 문의,원금균등/분할,협약금리,보증료 감면 등,https://www.koreg.or.kr/haedream/gu/gurt/selectGurtList.do?mi=1124&gurtId=159,KOREG Official,2026-06-19
시행중,강원,강원신용보증재단,원주시 출연 협약보증,~ 한도 소진시까지,소상공인등,"보증신청 접수일 현재 속초시 관내에 사업자등록 후 가동(영업)중으로, 아래 조건을 모두 충족하는 소상공인
① 원주시가 추천하는 소상공인(개인사업자)
② 신용평가 등급 “B” 등급 이상인 기업
③ 타 재단의 보증잔액이 없는 기업",5천만원,재단 문의,원금균등/분할,협약금리,보증료 감면 등,https://www.koreg.or.kr/haedream/gu/gurt/selectGurtList.do?mi=1124&gurtId=158,KOREG Official,2026-06-19
시행중,전국,17개 지역신용보증재단(대표번호 1588-7365),재창업 특례보증,2022.7.29 ~ 한도소진 시 까지,"소상공인등

 , 
 창업","폐업 후 재창업 또는 휴업 후 영업을 재개한 기업
업종을 전환한 기업",1억원,재단 문의,원금균등/분할,협약금리,보증료 감면 등,https://www.koreg.or.kr/haedream/gu/gurt/selectGurtList.do?mi=1124&gurtId=156,KOREG Official,2026-06-19
시행중,전국,17개 지역신용보증재단(대표번호 1588-7365),수출유망 중소기업 지원 특례보증,2021.12.1. ~ 한도 소진시까지,"소상공인등

 , 
 수출","중소벤처기업부의 '글로벌강소기업 1,000+ 프로젝트'에 선정된 기업 또는 대표자 개인신용펑점 710점 이상이면서 당기 또는 최근 1년 이내 수출실적 보유 기업",2억원,재단 문의,원금균등/분할,협약금리,보증료 감면 등,https://www.koreg.or.kr/haedream/gu/gurt/selectGurtList.do?mi=1124&gurtId=155,KOREG Official,2026-06-19
시행중,전국,17개 지역신용보증재단(대표번호 1588-7365),"온(溫,ON)택트 특례보증",~ 한도소진 시 까지,소상공인등,사업자등록 후 1년 경과하였으며 대표자 개인신용평점 745점 이상인 개인기업,2.85천만원,재단 문의,원금균등/분할,협약금리,보증료 감면 등,https://www.koreg.or.kr/haedream/gu/gurt/selectGurtList.do?mi=1124&gurtId=154,KOREG Official,2026-06-19
시행중,전국,17개 지역신용보증재단(대표번호 1588-7365),착한 임대인 금융지원 특례보증,~ 한도소진 시 까지,소상공인등,"아래 요건을 모두 충족하는 소상공인
① 보증신청기업(개인기업의 경우 본 보증의 주채무자로 운용할 대표자) 소유 비주거용 부동산에 대한 부동산임대업 사업자등록을 한 기업일 것
② 소상공인시장진흥공단으로부터 소상공인정책자금(착한임대인용)을 배정받은 기업일 것",7천만원,재단 문의,원금균등/분할,협약금리,보증료 감면 등,https://www.koreg.or.kr/haedream/gu/gurt/selectGurtList.do?mi=1124&gurtId=152,KOREG Official,2026-06-19
시행중,전국,8개 지역신용보증재단(대표번호 1588-7365),소기업·소상공인 공동구매 협약보증(기업은행),~ 한도소진 시 까지,소상공인등,중소기업중앙회가 지역신보에 추천하는 중소기업 또는 지역신보가 중소기업중앙회에 추천한 소기업·소상공인으로서 대표자의 개인신용평점이 710점 이상인 기업,2억원,재단 문의,원금균등/분할,협약금리,보증료 감면 등,https://www.koreg.or.kr/haedream/gu/gurt/selectGurtList.do?mi=1124&gurtId=151,KOREG Official,2026-06-19
시행중,전국,"16개 지역신용보증재단(제주 제외, 대표번호 1588-7365)",영세 관광사업자 특별금융지원 협약보증(농협은행),2019.5.27. ~ 한도 소진 시까지,"소상공인등

 , 
 문화·관광","일반지원기업 : 문체부에서 정하는 관광사업자이며, 대표자 개인신용평점 355점 이상인 기업
소액지원기업 : 일반지원 대상기업 중 신청금액이 2천만원 이하인 중소기업",2억원,재단 문의,원금균등/분할,협약금리,보증료 감면 등,https://www.koreg.or.kr/haedream/gu/gurt/selectGurtList.do?mi=1124&gurtId=149,KOREG Official,2026-06-19
시행중,전국,17개 지역신용보증재단(대표번호 1588-7365),사회적경제기업 특례보증,2018.2.22 ~ 별도 통보시 까지,"소상공인등

 , 
 ESG","(예비)사회적기업, 협동조합, (예비)마을기업, 자활기업, 소비자생활협동조합",4억원,재단 문의,원금균등/분할,협약금리,보증료 감면 등,https://www.koreg.or.kr/haedream/gu/gurt/selectGurtList.do?mi=1124&gurtId=148,KOREG Official,2026-06-19
시행중,전국,"16개 지역신용보증재단(세종 제외, 대표번호 1588-7365)",햇살론[보증부 서민대출 협약보증(자영업자)],2010.7.26. ~ 한도소진 시 까지,"소상공인등

 , 
 저신용·취약계층","저신용자 : 연간 소득 4천5백만원 이하인 자로서 개인신용평점 744점 이하
저소득자 : 연간 소득 3천5백만원 이하",5천만원,재단 문의,원금균등/분할,협약금리,보증료 감면 등,https://www.koreg.or.kr/haedream/gu/gurt/selectGurtList.do?mi=1124&gurtId=146,KOREG Official,2026-06-19
시행중,전국,17개 지역신용보증재단(대표번호 1588-7365),재도전지원 특례보증,2014.5.28. ~ 별도 통보 시,"소상공인등

 , 
 재도전","지역신보 대위변제기업, 법적 채무 종결기업, 지역신보 관리종결기업, 새출발기금 채권매각, 캠코 채권매각 기업으로 ""재도전지원 실무위원회"", 심의결과 보증지원 결정된 기업",5천만원,재단 문의,원금균등/분할,협약금리,보증료 감면 등,https://www.koreg.or.kr/haedream/gu/gurt/selectGurtList.do?mi=1124&gurtId=145,KOREG Official,2026-06-19
시행중,전국,17개 지역신용보증재단(대표번호 1588-7365),재해중소기업 특례보증,상시운용,"소상공인등

 , 
 재해피해","재해로 인하여 피해를 입은 중소기업 및 소상공인 중 지자체로부터
“재해중소기업 확인증”
또는
“피해사실 확인서”
등을 발급받은 기업",3억원,재단 문의,원금균등/분할,협약금리,보증료 감면 등,https://www.koreg.or.kr/haedream/gu/gurt/selectGurtList.do?mi=1124&gurtId=143,KOREG Official,2026-06-19
시행중,충북,충북신용보증재단,금융기관 특별출연부 협약보증,~ 한도 소진시까지,소상공인등,충청북도 내 사업자등록 후 영업중인 소기업·소상공인,1억원,재단 문의,원금균등/분할,협약금리,보증료 감면 등,https://www.koreg.or.kr/haedream/gu/gurt/selectGurtList.do?mi=1124&gurtId=123,KOREG Official,2026-06-19
시행중,충북,충북신용보증재단,사회적경제기업 활성화 지원 특별보증,~ 별도 통지시까지,"소상공인등

 , 
 ESG",충청북도에 소재하여 사업을 영위중인 사회적경제기업,5천만원,재단 문의,원금균등/분할,협약금리,보증료 감면 등,https://www.koreg.or.kr/haedream/gu/gurt/selectGurtList.do?mi=1124&gurtId=122,KOREG Official,2026-06-19
시행중,충북,충북신용보증재단,착한가격업소 활성화 지원 특별보증,~ 별도 통지시까지,"소상공인등

 , 
 ESG","충청북도에 소재하여 사업자 등록 후 영업중이며, 착한가격업소로 지정중인 소기업·소상공인",2천만원,재단 문의,원금균등/분할,협약금리,보증료 감면 등,https://www.koreg.or.kr/haedream/gu/gurt/selectGurtList.do?mi=1124&gurtId=121,KOREG Official,2026-06-19
시행중,충북,충북신용보증재단,충북 스타트업 활성화 지원 특별보증,~ 별도 통지시까지,"소상공인등

 , 
 창업","충청북도에 소재하여 사업을 영위중인 아래 어느 하나에 해당하는 기업
① 충청북도에 소재하는 창업보육센터에 입주중인 업력 6년 미만의 소기업·소상공인
② 충청북도의 ""청년창업지원자금"" 융자결정을 받은 기업",1억원,재단 문의,원금균등/분할,협약금리,보증료 감면 등,https://www.koreg.or.kr/haedream/gu/gurt/selectGurtList.do?mi=1124&gurtId=120,KOREG Official,2026-06-19
시행중,제주,제주신용보증재단,영세 관광사업자 회복지원 특별보증,~ 한도 소진시까지,"소상공인등

 , 
 문화·관광",신청일 현재 제주특별자치도 내에서 사업자등록 후 가동(영업)중으로 「제주특별자치도 관광진흥기금 융자추천서」를 발급받은 관광사업자,3천만원,재단 문의,원금균등/분할,협약금리,보증료 감면 등,https://www.koreg.or.kr/haedream/gu/gurt/selectGurtList.do?mi=1124&gurtId=113,KOREG Official,2026-06-19
시행중,제주,제주신용보증재단,저신용 자영업자 재기지원 특례보증,~ 23.6.30까지 (대출실행일 기준),"소상공인등

 , 
 저신용·취약계층","상담일 현재 제주특별자치도 내에서 사업자등록 후 가동(영업)중으로 「제주특별자치도 경영안정지원자금 특별융자추천서(저신용)」를 발급 받고, 개인신용평점 744점(6등급) 이하 기업",1천만원,재단 문의,원금균등/분할,협약금리,보증료 감면 등,https://www.koreg.or.kr/haedream/gu/gurt/selectGurtList.do?mi=1124&gurtId=112,KOREG Official,2026-06-19
시행중,제주,제주신용보증재단,임차료 금융지원 특례보증Ⅱ,~ 23.6.30까지 (대출실행일 기준),소상공인등,신청일 현재 제주특별자치도에 사업장 주소지를 두고 임대차계약을 맺어 타인의 건물 또는 토지를 임차하여 사업을 영위 중으로 「제주특별자치도 경영안정지원자금 특별융자추천서(임차료)」를 발급받은 기업,3천만원,재단 문의,원금균등/분할,협약금리,보증료 감면 등,https://www.koreg.or.kr/haedream/gu/gurt/selectGurtList.do?mi=1124&gurtId=111,KOREG Official,2026-06-19
시행중,전북,전북신용보증재단,전북 기술창업 활성화 특례보증,~ 한도 소진시까지,"소상공인등

 , 
 창업","1) 사업장이 전북특별자치도에 소재할 것
2) 업력이 3개월 이상일 것, 대표자 신용평점이 710점 이상일 것
3) 사업 주관기관
*
의 ""지원대상 확인서""를 발급받았을 것
* 전북창조경제혁신센터, 창업보육센터, 전북경제통상진흥원 등",5천만원,재단 문의,원금균등/분할,협약금리,보증료 감면 등,https://www.koreg.or.kr/haedream/gu/gurt/selectGurtList.do?mi=1124&gurtId=108,KOREG Official,2026-06-19
시행중,전북,전북신용보증재단,징검다리전환보증지원 특례보증,~ 한도 소진시까지,소상공인등,"1) 사업장이 전북특별자치도에 소재할 것
2) 업력이 3개월 이상일 것
3) 1년 이상 재단 이용중인 기보증 업체일 것",,재단 문의,원금균등/분할,협약금리,보증료 감면 등,https://www.koreg.or.kr/haedream/gu/gurt/selectGurtList.do?mi=1124&gurtId=106,KOREG Official,2026-06-19
시행중,전북,전북신용보증재단,자영업자 다시서기 특례보증,~ 한도 소진시까지,소상공인등,"1) 사업장이 전북특별자치도에 소재하고, 재단 지정 재기지원 창업교육 및 컨설팅을 이수했을 것
2) 자기부담 50%이상의 자금조달계획서 및 증빙자료를 제출할 것
3) 사업(창업)계획서를 제출한 소상공인",5천만원,재단 문의,원금균등/분할,협약금리,보증료 감면 등,https://www.koreg.or.kr/haedream/gu/gurt/selectGurtList.do?mi=1124&gurtId=105,KOREG Official,2026-06-19
시행중,전북,전북신용보증재단,4무 안심자금지원 특례보증,~ 한도 소진시까지,"소상공인등

 , 
 창업

 , 
 재도전","사업장이 전북특별자치도 소재할 것
Track1) 예비창업자
- 대표자 신용평점이 595점 이상일 것
- 재단 지정 (재)창업교육 및 (재)창업컨설팅을 이수했을 것
- 사업(창업)계획서를 제출할 것
Track2) 초기창업자
- 대표자 신용평점이 595점 이상이고, 업력이 3개월 이상일 것
- 재단 지정 역량강화교육 및 컨설팅 이수했을 것
Track3) 희망기업
- 대표자 신용평점이 745점 이상이고, 업력이 2년 이상일 것
- 재단 지정 ""업종별 평균매출액"" 이상일 것
Track4) 유망기업
- 대표자 신용평점이 780점 이상이고, 업력이 3년 이상일 것
- 직전년도 대비 매출액이 증가하고, 3년 평균 매출액이 재단 지정 ""업종별 평균매출액"" 이상일 것",,재단 문의,원금균등/분할,협약금리,보증료 감면 등,https://www.koreg.or.kr/haedream/gu/gurt/selectGurtList.do?mi=1124&gurtId=104,KOREG Official,2026-06-19
시행중,전북,전북신용보증재단,민생회복 응급구조 119 특례보증,~ 한도 소진시까지,소상공인등,"Track1) 多바꿔드림
- 사업장이 전북특별자치도 소재하고 가동중일 것
- 1년 이상 이용중인 재단 기보증 업체일 것
Track2) 응급구조 지원
- 사업장이 전북특별자치도 소재하고 가동중일 것
- 보증신청인 명의로 3개월 이상 경과 연이율 16% 이상 고금리 채무를 정상상환중인 소기업·소상공인",2천만원,재단 문의,원금균등/분할,협약금리,보증료 감면 등,https://www.koreg.or.kr/haedream/gu/gurt/selectGurtList.do?mi=1124&gurtId=103,KOREG Official,2026-06-19
시행중,전남,전남신용보증재단,사회적 경제기업 특별보증,~ 한도 소진시까지,"소상공인등

 , 
 ESG","전라남도 내 사회적 경제기업(사회적기업, 협동조합, 마을기업, 자활기업)",3억원,재단 문의,원금균등/분할,협약금리,보증료 감면 등,https://www.koreg.or.kr/haedream/gu/gurt/selectGurtList.do?mi=1124&gurtId=100,KOREG Official,2026-06-19
시행중,전남,전남신용보증재단,수출중소기업 지원 특별보증,~ 한도 소진시까지,"소상공인등

 , 
 수출","대표자 신용평점 595점 이상으로 다음 어느 하나에 해당하는 기업
1. 전년도 또는 당해년도 수출액 5만불 이상
2. 당해년도 수출계약 10만불 이상",3억원,재단 문의,원금균등/분할,협약금리,보증료 감면 등,https://www.koreg.or.kr/haedream/gu/gurt/selectGurtList.do?mi=1124&gurtId=99,KOREG Official,2026-06-19
시행중,전남,전남신용보증재단,수출피해기업 지원 특별보증,~ 한도 소진시까지,"성장

 , 
 수출","아래사항을 모두 충족하는 중소기업
1. 전라남도 내에서 사업을 영위 중
2. 전년도 해외 수출실적이 있는 기업(특정 국가에 한하지 않음)
3. 일본의 한국 수출 규제, 코로나19 국내외 확산, 러-우 전쟁으로 인해 피해를 받거나 피해가 예상되는 기업으로 신용평점 355점 이상인 기업",3억원,재단 문의,원금균등/분할,협약금리,보증료 감면 등,https://www.koreg.or.kr/haedream/gu/gurt/selectGurtList.do?mi=1124&gurtId=98,KOREG Official,2026-06-19
시행중,울산,울산신용보증재단,3D 프린팅 연관기업 특례보증,~ 한도 소진시까지,소상공인등,울산지역 소기업 소상공인 중 3D프린팅 확인서를 받은 기업,2억원,재단 문의,원금균등/분할,협약금리,보증료 감면 등,https://www.koreg.or.kr/haedream/gu/gurt/selectGurtList.do?mi=1124&gurtId=93,KOREG Official,2026-06-19
시행중,울산,울산신용보증재단,울산광역시 울주군 소상공인 경영안정자금,반기별 2회 선착순 접수 (시행 2주전 울산신용보증재단 홈페이지공고),소상공인등,사업자등록 후 가동중인 울산 울주군 소상공인으로 울주군 소상공인 경영안정자금을 추천받은 소상공인,6천만원,재단 문의,원금균등/분할,협약금리,보증료 감면 등,https://www.koreg.or.kr/haedream/gu/gurt/selectGurtList.do?mi=1124&gurtId=92,KOREG Official,2026-06-19
시행중,울산,울산신용보증재단,울산광역시 북구 소상공인 경영안정자금,반기별 2회 선착순 접수 (시행 2주전 울산신용보증재단 홈페이지공고),소상공인등,사업자등록 후 가동중인 울산 북구 소상공인으로 북구 소상공인 경영안정자금을 추천받은 소상공인,6천만원,재단 문의,원금균등/분할,협약금리,보증료 감면 등,https://www.koreg.or.kr/haedream/gu/gurt/selectGurtList.do?mi=1124&gurtId=91,KOREG Official,2026-06-19
시행중,울산,울산신용보증재단,울산광역시 동구 소상공인 경영안정자금,반기별 2회 선착순 접수 (시행 2주전 울산신용보증재단 홈페이지공고),소상공인등,사업자등록 후 가동중인 울산 동구 소상공인으로 동구 소상공인 경영안정자금을 추천받은 소상공인,5천만원,재단 문의,원금균등/분할,협약금리,보증료 감면 등,https://www.koreg.or.kr/haedream/gu/gurt/selectGurtList.do?mi=1124&gurtId=90,KOREG Official,2026-06-19
시행중,울산,울산신용보증재단,울산광역시 남구 소상공인 경영안정자금,반기별 2회 선착순 접수 (시행 2주전 울산신용보증재단 홈페이지공고),소상공인등,사업자등록 후 가동중인 울산 남구 소상공인으로 남구 소상공인 경영안정자금을 추천받은 소상공인,5천만원,재단 문의,원금균등/분할,협약금리,보증료 감면 등,https://www.koreg.or.kr/haedream/gu/gurt/selectGurtList.do?mi=1124&gurtId=89,KOREG Official,2026-06-19
시행중,울산,울산신용보증재단,울산광역시 중구 소상공인 경영안정자금,반기별 2회 선착순 접수 (시행 2주전 울산신용보증재단 홈페이지공고),소상공인등,사업자등록 후 가동중인 울산 중구 소상공인으로 중구 소상공인 경영안정자금을 추천받은 소상공인,5천만원,재단 문의,원금균등/분할,협약금리,보증료 감면 등,https://www.koreg.or.kr/haedream/gu/gurt/selectGurtList.do?mi=1124&gurtId=88,KOREG Official,2026-06-19
시행중,울산,울산신용보증재단,울산광역시 소상공인 경영안정자금,연간 3회 선착순 접수 (시행 2주전 울산신용보증재단 홈페이지공고),소상공인등,사업자등록 후 가동중인 울산 관내 소상공인으로 울산광역시 소상공인 경영안정자금을 추천받은 소상공인,8천만원,재단 문의,원금균등/분할,협약금리,보증료 감면 등,https://www.koreg.or.kr/haedream/gu/gurt/selectGurtList.do?mi=1124&gurtId=87,KOREG Official,2026-06-19
시행중,서울,서울신용보증재단,일반 보증,상시 운영,소상공인등,일반 보증,8억원,재단 문의,원금균등/분할,협약금리,보증료 감면 등,https://www.koreg.or.kr/haedream/gu/gurt/selectGurtList.do?mi=1124&gurtId=84,KOREG Official,2026-06-19
시행중,서울,서울신용보증재단,일자리 창출 및 고용안정 우수기업 특별보증,상시 운영,소상공인등,"접수일 현재 사업자 등록 후 3개월이 경과된 서울시 소재 소기업·소상공인 등으로, 다음에 해당하는 기업
가. 일자리 창출기업 : 아래의 요건 중 어느 하나에 해당하는 기업
(1) 신용보증 접수일 기준 직전 분기말, 직전년도 말 또는 직전년도 응당월 대비, 상시근로자수 증가한 기업
(2) 「고령자고용촉진법」에 의한 기준고용률을 3개월 이상 준수한 기업
※ 고령자는 만 55세 이상인 자임
(3) 「장애인고용촉진 및 직업재활법」에 의한 의무고용률을 3개월 이상 준수한 기업 
(4) “Hi-Seoul 공동브랜드사업” 참여 기업
(5) 여성가장 또는 한부모가정(부 또는 모)을 3개월이상 고용하고 있는 기업
(6) 일자리 우수 ‘서울형 강소기업’ 인증기업
나. 고용안정 우수기업 : 아래의 요건 중 어느 하나에 해당하는 기업
(1) 고용 효과가 높은 고성장(가젤형) 기업
(2) 청년 및 경력단절여성 고용기업
(3) 여성고용 우수기업
(4) 정규직 비중이 50%이상인 고용구조 우수기업
(5) 생활임금 적용기업
다. 일자리 성과창출기업 : 아래의 요건을 모두 충족하는 기업
⑴ 본 취급기준에 의해 신용보증(이하 “1차년도 보증”이라 한다) 지원받고 1년 경과한 기업이 1차년도 보증 실행일 기준 만 3년 이내 추가(증액) 보증 신청하고,
⑵ 신청일 기준 전기 대비 당기 매출액이 감소하지 아니한 기업으로서
* 2차년도 신청 없이 3차년도에 신청한 경우 신청일 기준 최근 2년간 매출액이 감소하지 아니한 기업
⑶ 이전 연도 보증 접수일(최근월) 대비 추가(증액)보증 접수일(최근월) 기준 상시근로자수 증가*한 기업
* 2차년도 신청 없이 3차년도에 신청한 경우 최소 2인 이상 증가",8억원,재단 문의,원금균등/분할,협약금리,보증료 감면 등,https://www.koreg.or.kr/haedream/gu/gurt/selectGurtList.do?mi=1124&gurtId=82,KOREG Official,2026-06-19
시행중,서울,서울신용보증재단,창업자금 및 사업장임차자금 특별보증,상시 운영,"소상공인등

 , 
 창업","다음의 요건을 모두 충족하는 서울시 소재 소상공인
① 신용보증 신청 접수일 현재 창업
주1)
한 날로부터 1년
주2,3)
이내이고,
② 사업장을 자가 구입 또는 임대차계약 완료 후 보증금 완납하고,
③ 창업교육
주4)
을 이수한 날로부터 18개월 이내 보증신청한 자
주1) 창업 : 「중소기업창업 지원법」에 의하여 사업체를 새로이 설립하는 것을 의미
주2) 개인기업은 사업자등록증상(사업자등록증명상 포함) 개업연월일, 법인기업은 법인등기사항증명서상 성립연월일부터 신용보증신청 접수일까지 기간으로 산정
주3) 보증신청기업이 업종전환 또는 사업장 이전으로 인해 경영개선이 필요한 경우, 전환 또는 이전 후 사업자등록증 발급일을 창업한 날로 인정 가능
주4) 창업교육 : 창업교육 이수자 인정범위에서 정한 일반교육 또는 심화교육",7천만원,재단 문의,원금균등/분할,협약금리,보증료 감면 등,https://www.koreg.or.kr/haedream/gu/gurt/selectGurtList.do?mi=1124&gurtId=81,KOREG Official,2026-06-19
시행중,서울,서울신용보증재단,서울시 안심동행 지원 특별보증,~ 한도 소진시까지,소상공인등,"서울시 소재 중소기업 및 소상공인 중 아래 요건을 모두 충족하는 기업
① 업력 3개월 이상
② 대표자 개인신용평점 595점(구 7등급) 이상인 기업",,재단 문의,원금균등/분할,협약금리,보증료 감면 등,https://www.koreg.or.kr/haedream/gu/gurt/selectGurtList.do?mi=1124&gurtId=80,KOREG Official,2026-06-19
시행중,부산,부산신용보증재단,부산시 3無 플러스 특별자금지원 협약보증(2차),~ 한도 소진시까지,"소상공인등

 , 
 저신용·취약계층",부산시 소재 중소기업 중 개업일이 '21.6.30.이전 기업으로서 「코로나19 피해 소상공인 3無 특별자금지원 협약보증」을 이용 중이지 않은 기업,1천만원,재단 문의,원금균등/분할,협약금리,보증료 감면 등,https://www.koreg.or.kr/haedream/gu/gurt/selectGurtList.do?mi=1124&gurtId=79,KOREG Official,2026-06-19
시행중,부산,부산신용보증재단,준재해·재난 특례보증,~ 한도 소진시까지,"소상공인등

 , 
 재해피해","- (Track1) 부산시로부터 준재해ㆍ재난 중소기업 확인증을 받은 기업
- (Track7) 이커머스 기업으로부터 거래대금 정산지연으로 피해를 입은 기업",1억원,재단 문의,원금균등/분할,협약금리,보증료 감면 등,https://www.koreg.or.kr/haedream/gu/gurt/selectGurtList.do?mi=1124&gurtId=78,KOREG Official,2026-06-19
시행중,부산,부산신용보증재단,부산 영세사업자 특별 금융지원(모두론),한도 소진시까지 또는 2024. 12. 31. 까지,"소상공인등

 , 
 청년

 , 
 저신용·취약계층",개인신용평점 839점 이하 중소기업(법인제외),5천만원,재단 문의,원금균등/분할,협약금리,보증료 감면 등,https://www.koreg.or.kr/haedream/gu/gurt/selectGurtList.do?mi=1124&gurtId=77,KOREG Official,2026-06-19
시행중,부산,부산신용보증재단,2024년 부산시 디지털기업 지원 협약보증,한도 소진시까지 또는 2024. 12. 31. 까지,"소상공인등

 , 
 스마트","개인신용평점 595점 이상인 부산광역시 소재 소기업, 소상공인 중 재단이 정의하는 스마트기술 이용 및 보유기업 또는 지식서비스 산업 영위기업",5천만원,재단 문의,원금균등/분할,협약금리,보증료 감면 등,https://www.koreg.or.kr/haedream/gu/gurt/selectGurtList.do?mi=1124&gurtId=76,KOREG Official,2026-06-19
시행중,부산,부산신용보증재단,2024년 부산시 임차 소상공인 지원 협약보증,한도 소진시까지 또는 2024. 12. 31. 까지,소상공인등,개인신용평점 595점 이상인 부산광역시 소재 소상공인 중 임차사업자에 해당,1.5억원,재단 문의,원금균등/분할,협약금리,보증료 감면 등,https://www.koreg.or.kr/haedream/gu/gurt/selectGurtList.do?mi=1124&gurtId=75,KOREG Official,2026-06-19
시행중,부산,부산신용보증재단,2024년 부산시 소상공인 지원 협약보증Ⅰ,한도 소진시까지 또는 2024. 12. 31. 까지,소상공인등,개인신용평점 595점 이상인 부산광역시 소재 소상공인,1억원,재단 문의,원금균등/분할,협약금리,보증료 감면 등,https://www.koreg.or.kr/haedream/gu/gurt/selectGurtList.do?mi=1124&gurtId=74,KOREG Official,2026-06-19
시행중,대전,대전신용보증재단,ESG 실천 소기업 소상공인 지원 특례보증,~ 한도 소진시까지,"소상공인등

 , 
 ESG","대표자 개인신용평점이 710점 이상인 소기업·소상공인 중 다음 어느 하나에 해당되는 기업
① 녹색산업기업 (녹색인증기업 및 녹색제품인증기업)
② 녹색경영기업
③ 착한가격업소·선한영향력가게
④ 탄소중립 실천 기업
⑤ 사회적 책임 실천 기업
⑥ ESG 교육 및 컨설팅 수료 또는 인증 기업",5천만원,재단 문의,원금균등/분할,협약금리,보증료 감면 등,https://www.koreg.or.kr/haedream/gu/gurt/selectGurtList.do?mi=1124&gurtId=71,KOREG Official,2026-06-19
시행중,대전,대전신용보증재단,저금리 대환보증 특례보증,~ 한도 소진시까지,"소상공인등

 , 
 청년

 , 
 창업","Two-Track으로 운영
① Track1. 대환
- 대전신용보증재단의 일반보증건을 이차보전(3%)지원 상품으로 대환 *제외대상 재단 홈페이지 공지사항 참고
② Track2. 신규
- 대표자 이용중인 재단(지역재단 포함) 보증건 1건 이내, 개인신용평점 710점 이상, 업력이 3년 미만인 기업에 대한 이차보전(3%)지원 상품",5천만원,재단 문의,원금균등/분할,협약금리,보증료 감면 등,https://www.koreg.or.kr/haedream/gu/gurt/selectGurtList.do?mi=1124&gurtId=69,KOREG Official,2026-06-19
시행중,대구,대구신용보증재단,자동차부품 협력업체 상생을 위한 금융지원 특례보증,~ 한도 소진시까지,소상공인등,"대구광역시에 소재하는 업력 6개월 이상 된 중소기업·소상공인으로 대표자 신용평점 355점 이상이고 출연 참여기업(이래에이엠에스, 평화홀딩스, 평화정공, 삼보모터스)로 부터 추천을 받은 협력업체",5억원,재단 문의,원금균등/분할,협약금리,보증료 감면 등,https://www.koreg.or.kr/haedream/gu/gurt/selectGurtList.do?mi=1124&gurtId=67,KOREG Official,2026-06-19
시행중,대구,대구신용보증재단,고환율 피해기업 금융지원 특별보증,~한도 소진시까지,소상공인등,대구광역시 내에서 사업을 영위중인 소상공인 또는 중소기업 중 환율 상승에 따라 직접 피해를 입은 수입기업,2억원,재단 문의,원금균등/분할,협약금리,보증료 감면 등,https://www.koreg.or.kr/haedream/gu/gurt/selectGurtList.do?mi=1124&gurtId=66,KOREG Official,2026-06-19
시행중,대구,대구신용보증재단,창업실패자 재도약 특례보증,~ 한도 소진시까지,"소상공인등

 , 
 재도전","1. 업종
- 현재 제조업, 신성장동력산업, 지식서비스산업, 문화콘텐츠산업 영위 기업
- 당 재단 기업성공지원센터의 ‘성실실패자 재기지원교육’을 수료하고 보증을 신청한 기업이 영위하는 업종(교육수료 후 사업실패의 경우는 신청 제외)
2. 대상자
창업 후 7년 이내 중소기업으로 도덕성에 문제가 없으며 특허 등 기술력을 이용하여 제품을 생산하거나 사업성이 양호하여 재기가능성이 높다고 판단되는 아래 개인사업자 또는 법인기업의 대표자로, 창업실패자 재도약심사위원회(또는 보증심사위원회)에서 지원대상자로 결정된 자
① 신용회복절차 진행자
② 소액 채무자 및 재단 구상권 업체
③ 연체정리자",1.5억원,재단 문의,원금균등/분할,협약금리,보증료 감면 등,https://www.koreg.or.kr/haedream/gu/gurt/selectGurtList.do?mi=1124&gurtId=65,KOREG Official,2026-06-19
시행중,광주,광주신용보증재단,금융기관 협약보증,~ 한도 소진시까지,"소상공인등

 , 
 청년

 , 
 저신용·취약계층",광주광역시 관내 사업장 운영 소상공인,2억원,재단 문의,원금균등/분할,협약금리,보증료 감면 등,https://www.koreg.or.kr/haedream/gu/gurt/selectGurtList.do?mi=1124&gurtId=62,KOREG Official,2026-06-19
시행중,경북,경북신용보증재단,칠곡군 소상공인 특례보증,~ 한도 소진시까지,"소상공인등

 , 
 청년","신청일 현재 칠곡군 관내에 사업장(법인의 경우 본점 포함)을 두고 있는 소상공인
①일반 대상
②우대 대상
* 청년소상공인 : 대표자가 만 39세 이하인 소상공인
* 착한가격지정업소 : 칠곡군수가 지정하는 업체(담당부서(일자리경제과)에 확인가능)",,재단 문의,원금균등/분할,협약금리,보증료 감면 등,https://www.koreg.or.kr/haedream/gu/gurt/selectGurtList.do?mi=1124&gurtId=53,KOREG Official,2026-06-19
시행중,경북,경북신용보증재단,성주군 소상공인 특례보증,~ 한도 소진시까지,소상공인등,신청일 현재 성주군 관내에 사업장이 소재하고 사업자 등록을 필한 개인사업자,3천만원,재단 문의,원금균등/분할,협약금리,보증료 감면 등,https://www.koreg.or.kr/haedream/gu/gurt/selectGurtList.do?mi=1124&gurtId=52,KOREG Official,2026-06-19
시행중,경북,경북신용보증재단,고령군 소상공인 특례보증,~ 한도 소진시까지,소상공인등,신청일 현재 고령군 관내에 사업장(법인의 경우 본점 포함)이 6개월 이상 소재중인 소상공인,5천만원,재단 문의,원금균등/분할,협약금리,보증료 감면 등,https://www.koreg.or.kr/haedream/gu/gurt/selectGurtList.do?mi=1124&gurtId=51,KOREG Official,2026-06-19
시행중,경북,경북신용보증재단,청도군 소상공인 특례보증,~ 한도 소진시까지,소상공인등,신청일 현재 청도군 관내에 사업장이 소재하는 소상공인,5천만원,재단 문의,원금균등/분할,협약금리,보증료 감면 등,https://www.koreg.or.kr/haedream/gu/gurt/selectGurtList.do?mi=1124&gurtId=50,KOREG Official,2026-06-19
시행중,경북,경북신용보증재단,영양군 소상공인 특례보증,~ 한도 소진시까지,소상공인등,신청일 현재 영양군 관내에 사업장(법인의 경우 본점 포함)이 소재중인 소상공인,3천만원,재단 문의,원금균등/분할,협약금리,보증료 감면 등,https://www.koreg.or.kr/haedream/gu/gurt/selectGurtList.do?mi=1124&gurtId=48,KOREG Official,2026-06-19
시행중,경북,경북신용보증재단,상주시 소상공인 특례보증,~ 한도 소진시까지,소상공인등,신청일 현재 상주시 관내에 사업장(법인의 경우 본점 포함)이 소재중인 소상공인,3천만원,재단 문의,원금균등/분할,협약금리,보증료 감면 등,https://www.koreg.or.kr/haedream/gu/gurt/selectGurtList.do?mi=1124&gurtId=43,KOREG Official,2026-06-19
시행중,경북,경북신용보증재단,구미시 소상공인 특례보증,~ 한도 소진시까지,"소상공인등

 , 
 청년","신청일 현재 구미시 관내에 사업장을 두고 있는 소상공인으로서 국세 및 지방세 체납이 없는 자
신용보증기관 보증지원 및 금융기관 대출금지원에 결격사유가 없는 자
①일반 대상
②우대 대상
* 청년소상공인 : 대표자(실제경영자) 만 39세 이하이면서 사업자등록 후 1년 이내인 자
* 착한가격업소 : 구미시 관련 조례에 따라 구미시장이 지정하는 업소
* 다자녀업체 : 대표자가 보증신청 접수일 현재 구미시에 거주중이며 가족관계증명서 또는 주민등록등본상 만 19세미만 자녀 2명 이상을 부양하는 경우",,재단 문의,원금균등/분할,협약금리,보증료 감면 등,https://www.koreg.or.kr/haedream/gu/gurt/selectGurtList.do?mi=1124&gurtId=40,KOREG Official,2026-06-19
시행중,경북,경북신용보증재단,경주시 소상공인 특례보증,~ 한도 소진시까지,소상공인등,신청일 현재 경주시 관내에 사업장이 소재하는 개인사업자로서 신용보증기관 보증지원 및 금융기관 대출금 지원에 결격사유가 없는 자,4천만원,재단 문의,원금균등/분할,협약금리,보증료 감면 등,https://www.koreg.or.kr/haedream/gu/gurt/selectGurtList.do?mi=1124&gurtId=37,KOREG Official,2026-06-19
시행중,경북,경북신용보증재단,경북 버팀금융(소상공인 육성자금 이차보전),~ 한도 소진시까지,"소상공인등

 , 
 장애인

 , 
 청년

 , 
 재도전

 , 
 재해피해

 , 
 문화·관광","고금리 및 경기침체로 어려움을 겪고 있는 경북 소상공인에 대해 대출이자 지원(이차보전) 및 협약금리(저금리) 적용을 통해, 금융비용부담 완화로 소상공인 자생력 강화 및 지역경제 활성화 제고
①일반 대상
②우대 대상
- 일자리창출 / 청년창업 / 다자녀 / 장애인 / 농림수산업 / 경북지원시책대상자 / 저출생극복 / 소진공정책자금 / 티몬위메프 피해업체 / 기보증회수보증 / 재해피해소상공인",,재단 문의,원금균등/분할,협약금리,보증료 감면 등,https://www.koreg.or.kr/haedream/gu/gurt/selectGurtList.do?mi=1124&gurtId=35,KOREG Official,2026-06-19
시행중,경남,경남신용보증재단,경상남도 희망두드림 자금,~ 한도 소진시까지,"소상공인등

 , 
 장애인

 , 
 저신용·취약계층","대표자가 사회적 취약계층인 소상공인 , 대표자가 저신용(개인신용평점779점이하) 또는 저소득(연소득 3,500만원 이하)인 소상공인 (경남 소재 '소상공인 보호 및 지원에 관한 법률'에 의한 소상공인(개인,법인사업자))",3천만원,재단 문의,원금균등/분할,협약금리,보증료 감면 등,https://www.koreg.or.kr/haedream/gu/gurt/selectGurtList.do?mi=1124&gurtId=34,KOREG Official,2026-06-19
시행중,경남,경남신용보증재단,경상남도 소상공인 육성자금 (창업 : 교육수료),~ 한도 소진시까지,소상공인등,"""생애주기별 맞춤형 지원사업"" 성공도약드림 교육 수료한 창업 5년 이내 소상공인 (경남 소재 '소상공인 보호 및 지원에 관한 법률'에 의한 소상공인(개인,법인사업자))",1억원,재단 문의,원금균등/분할,협약금리,보증료 감면 등,https://www.koreg.or.kr/haedream/gu/gurt/selectGurtList.do?mi=1124&gurtId=32,KOREG Official,2026-06-19
시행중,경남,경남신용보증재단,경상남도 소상공인 육성자금(창업 : 일반),~ 한도 소진시까지,소상공인등,"경남 소재 '소상공인 보호 및 지원에 관한 법률'에 의한 소상공인
(사업자등록일자 기준 창업 6개월이내)(개인,법인사업자)",1억원,재단 문의,원금균등/분할,협약금리,보증료 감면 등,https://www.koreg.or.kr/haedream/gu/gurt/selectGurtList.do?mi=1124&gurtId=31,KOREG Official,2026-06-19
시행중,경남,경남신용보증재단,경상남도 소상공인 육성자금(경영안정),~ 한도 소진시까지,소상공인등,"경남 소재 '소상공인 보호 및 지원에 관한 법률'에 의한 소상공인(개인,법인사업자)",1억원,재단 문의,원금균등/분할,협약금리,보증료 감면 등,https://www.koreg.or.kr/haedream/gu/gurt/selectGurtList.do?mi=1124&gurtId=30,KOREG Official,2026-06-19
시행중,경기,경기신용보증재단,경기도 사회적기업 특례보증,~ 한도 소진시까지,"소상공인등

 , 
 ESG","아래에 해당하는 도내 사회적경제기업으로 인증받은 기업
- 사회적기업, 예비사회적기업(영리사업자만 가능), 협동조합(연합회), 사회적협동조합(연합회), 소비자협동조합(연합회, 전국연합회), 마을기업(영리사업자만 가능), 예비마을기업(영리사업자만 가능), 자활기업(영리사업자만 가능), 소셜벤처기업(영리사업자만 가능), 장애인 표준사업장 운영 기업(영리사업자만 가능), 장애인 직업재활시설 운영기업(영리사업자만 가능)",5억원,재단 문의,원금균등/분할,협약금리,보증료 감면 등,https://www.koreg.or.kr/haedream/gu/gurt/selectGurtList.do?mi=1124&gurtId=29,KOREG Official,2026-06-19
시행중,경기,경기신용보증재단,콘텐츠기업 특례보증,~ 한도 소진시까지,"소상공인등

 , 
 문화·관광","사업장이 고양시, 광명시, 광주시, 구리시, 군포시, 김포시, 남양주시, 부천시, 성남시, 수원시, 시흥시, 안산시, 안양시, 양평군, 여주시, 연천군, 용인시, 의왕시, 의정부시, 이천시, 파주시, 평택시, 포천시, 하남시, 화성시 등 25개 시군에 위치한 콘텐츠기업
- 콘텐츠기업 : 출판산업, 음악·영화비디오·애니메이션산업·방송산업, 게임산업, 광고산업, 캐릭터산업, 정보서비스산업 등에 종사하는 기업",5억원,재단 문의,원금균등/분할,협약금리,보증료 감면 등,https://www.koreg.or.kr/haedream/gu/gurt/selectGurtList.do?mi=1124&gurtId=23,KOREG Official,2026-06-19
시행중,경기,경기신용보증재단,한국은행 경기본부 중소기업 지원자금 연계보증,~ 한도 소진시까지,소상공인등,"경기도내(부천시,김포시 제외) 본점 또는 사업장이 소재하며 아래 요건을 충족하는 중소기업 및 소상공인
중소기업 : 기업신용평가 B등급 이상
소상공인 : 대표 개인신용평점 745점 이상 또는 소상공인평가등급 B등급 이상",8억원,재단 문의,원금균등/분할,협약금리,보증료 감면 등,https://www.koreg.or.kr/haedream/gu/gurt/selectGurtList.do?mi=1124&gurtId=22,KOREG Official,2026-06-19
시행중,강원,강원신용보증재단,취약계층 소상공인 금융지원 협약보증,~ 한도 소진시까지,"소상공인등

 , 
 장애인

 , 
 저신용·취약계층","강원도 내 사업자 등록 후 취약계층 소상공인(개인사업자에 한함) 중 다음 각 호에 해당하는 자(연소득 35백만원 이하)
1. 저소득 소상공인
2. 한부모가족 소상공인
3. 다문화가족 소상공인
4. 장애인 소상공인
5. 새터민 소상공인",2천만원,재단 문의,원금균등/분할,협약금리,보증료 감면 등,https://www.koreg.or.kr/haedream/gu/gurt/selectGurtList.do?mi=1124&gurtId=19,KOREG Official,2026-06-19
시행중,강원,강원신용보증재단,저신용 중소기업 협약보증,~ 한도 소진시까지,"성장

 , 
 저신용·취약계층","신청일 현재 업력 1년 이상의 기업으로 다음 각 호 중 하나에 해당하는 기업(저신용 중소기업)
1. 기술력이 있는 기업
2. 고금리를 이용하고 있는 기업(연 10%이상)
3. 매출액 10%이상 감소",1억원,재단 문의,원금균등/분할,협약금리,보증료 감면 등,https://www.koreg.or.kr/haedream/gu/gurt/selectGurtList.do?mi=1124&gurtId=18,KOREG Official,2026-06-19
시행중,강원,강원신용보증재단,춘천시 중소기업 특례보증,~ 한도 소진시까지,소상공인등,"사업자등록 중인 춘천시 소재 중소기업(최대1억원, 제조업,정보통신산업, 지식산업), 소상공인(최대5천만원)
* 공통 요건
1. 춘천시가 추천하는 기업
2. 타 재단의 보증잔액 없는 기업
3. 신용평가 등급 B등급이상",1억원,재단 문의,원금균등/분할,협약금리,보증료 감면 등,https://www.koreg.or.kr/haedream/gu/gurt/selectGurtList.do?mi=1124&gurtId=15,KOREG Official,2026-06-19
